,Time,Predicted label
0,2022-07-12 10:30:01,0
1,2022-07-12 11:00:01,0
2,2022-07-12 11:30:01,0
3,2022-07-12 12:00:01,0
4,2022-07-12 12:30:01,0
5,2022-07-12 13:00:01,0
6,2022-07-12 13:30:01,0
7,2022-07-12 14:00:01,0
8,2022-07-12 14:30:01,0
9,2022-07-12 15:00:01,0
10,2022-07-12 15:30:01,0
11,2022-07-12 16:00:01,0
12,2022-07-12 16:30:01,0
13,2022-07-12 17:00:01,0
14,2022-07-12 17:30:01,0
15,2022-07-12 18:00:01,0
16,2022-07-12 18:30:01,0
17,2022-07-12 19:00:01,0
18,2022-07-12 19:30:01,0
19,2022-07-12 20:00:01,0
20,2022-07-12 20:30:01,0
21,2022-07-13 05:00:01,0
22,2022-07-13 05:30:01,0
23,2022-07-13 06:00:01,0
24,2022-07-13 06:30:01,0
25,2022-07-13 07:00:01,0
26,2022-07-13 07:30:01,0
27,2022-07-13 08:00:01,0
28,2022-07-13 08:30:01,0
29,2022-07-13 09:00:01,0
30,2022-07-13 09:30:01,0
31,2022-07-13 10:00:01,0
32,2022-07-13 10:30:01,0
33,2022-07-13 11:00:01,0
34,2022-07-13 11:30:01,0
35,2022-07-13 12:00:01,0
36,2022-07-13 12:30:01,0
37,2022-07-13 13:00:01,0
38,2022-07-13 13:30:01,0
39,2022-07-13 14:00:01,0
40,2022-07-13 14:30:01,0
41,2022-07-13 15:00:01,0
42,2022-07-13 15:30:01,0
43,2022-07-13 16:00:01,0
44,2022-07-13 16:30:01,0
45,2022-07-13 17:00:01,0
46,2022-07-13 17:30:01,0
47,2022-07-13 18:00:01,0
48,2022-07-13 18:30:01,0
49,2022-07-13 19:00:01,0
50,2022-07-13 19:30:01,0
51,2022-07-13 20:00:01,0
52,2022-07-13 20:30:01,0
53,2022-07-14 05:00:01,0
54,2022-07-14 05:30:01,0
55,2022-07-14 06:00:01,0
56,2022-07-14 06:30:01,0
57,2022-07-14 07:00:01,0
58,2022-07-14 07:30:01,0
59,2022-07-14 08:00:01,0
60,2022-07-14 08:30:01,0
61,2022-07-14 09:00:01,0
62,2022-07-14 09:30:01,0
63,2022-07-14 10:00:01,0
64,2022-07-14 10:30:01,0
65,2022-07-14 11:00:01,0
66,2022-07-14 11:30:01,0
67,2022-07-14 12:00:01,0
68,2022-07-14 12:30:01,0
69,2022-07-14 13:00:01,0
70,2022-07-14 13:30:01,0
71,2022-07-14 14:00:01,0
72,2022-07-14 14:30:01,0
73,2022-07-14 15:00:01,0
74,2022-07-14 15:30:01,0
75,2022-07-14 16:00:01,0
76,2022-07-14 16:30:01,0
77,2022-07-14 17:00:01,0
78,2022-07-14 17:30:01,0
79,2022-07-14 18:00:01,0
80,2022-07-14 18:30:01,0
81,2022-07-14 19:00:01,0
82,2022-07-14 19:30:01,0
83,2022-07-14 20:00:01,0
84,2022-07-14 20:30:01,0
85,2022-07-15 05:00:01,0
86,2022-07-15 05:30:01,0
87,2022-07-15 06:00:01,0
88,2022-07-15 06:30:01,0
89,2022-07-15 07:00:01,0
90,2022-07-15 07:30:01,0
91,2022-07-15 08:00:01,0
92,2022-07-15 08:30:01,0
93,2022-07-15 09:00:01,0
94,2022-07-15 09:30:01,0
95,2022-07-15 10:00:01,0
96,2022-07-15 10:30:01,0
97,2022-07-15 11:00:01,0
98,2022-07-15 11:30:01,0
99,2022-07-15 12:00:01,0
100,2022-07-15 12:30:01,0
101,2022-07-15 13:00:01,0
102,2022-07-15 13:30:01,0
103,2022-07-15 14:00:01,0
104,2022-07-15 14:30:01,0
105,2022-07-15 15:00:01,0
106,2022-07-15 15:30:01,0
107,2022-07-15 16:00:01,0
108,2022-07-15 16:30:01,0
109,2022-07-15 17:00:01,0
110,2022-07-15 17:30:01,0
111,2022-07-15 18:00:01,0
112,2022-07-15 18:30:01,0
113,2022-07-15 19:00:01,0
114,2022-07-15 19:30:01,0
115,2022-07-15 20:00:01,0
116,2022-07-15 20:30:01,0
117,2022-07-16 05:00:01,1
118,2022-07-16 05:30:01,0
119,2022-07-16 06:00:01,0
120,2022-07-16 06:30:01,0
121,2022-07-16 07:00:01,0
122,2022-07-16 07:30:01,0
123,2022-07-16 08:00:01,0
124,2022-07-16 08:30:01,0
125,2022-07-16 09:00:01,0
126,2022-07-16 09:30:01,0
127,2022-07-16 10:00:01,0
128,2022-07-16 10:30:01,0
129,2022-07-16 11:00:01,0
130,2022-07-16 11:30:01,0
131,2022-07-16 12:00:01,0
132,2022-07-16 12:30:01,0
133,2022-07-16 13:00:01,0
134,2022-07-16 13:30:01,0
135,2022-07-16 14:00:01,0
136,2022-07-16 14:30:01,0
137,2022-07-16 15:00:01,0
138,2022-07-16 15:30:01,0
139,2022-07-16 16:00:01,0
140,2022-07-16 16:30:01,0
141,2022-07-16 17:00:01,0
142,2022-07-16 17:30:01,0
143,2022-07-16 18:00:01,0
144,2022-07-16 18:30:01,0
145,2022-07-16 19:00:01,0
146,2022-07-16 19:30:01,0
147,2022-07-16 20:00:01,0
148,2022-07-16 20:30:01,0
149,2022-07-17 05:00:01,1
150,2022-07-17 05:30:01,0
151,2022-07-17 06:00:01,0
152,2022-07-17 06:30:01,0
153,2022-07-17 07:00:01,0
154,2022-07-17 07:30:01,0
155,2022-07-17 08:00:01,0
156,2022-07-17 08:30:01,0
157,2022-07-17 09:00:01,0
158,2022-07-17 09:30:01,0
159,2022-07-17 10:00:01,0
160,2022-07-17 10:30:01,0
161,2022-07-17 11:00:01,0
162,2022-07-17 11:30:01,0
163,2022-07-17 12:00:01,0
164,2022-07-17 12:30:01,0
165,2022-07-17 13:00:01,0
166,2022-07-17 13:30:01,0
167,2022-07-17 14:00:01,0
168,2022-07-17 14:30:01,0
169,2022-07-17 15:00:01,0
170,2022-07-17 15:30:01,0
171,2022-07-17 16:00:01,0
172,2022-07-17 16:30:01,0
173,2022-07-17 17:00:01,0
174,2022-07-17 17:30:01,0
175,2022-07-17 18:00:01,0
176,2022-07-17 18:30:01,0
177,2022-07-17 19:00:01,0
178,2022-07-17 19:30:01,0
179,2022-07-17 20:00:01,1
180,2022-07-17 20:30:01,0
181,2022-07-18 05:00:01,1
182,2022-07-18 05:30:01,0
183,2022-07-18 06:00:01,0
184,2022-07-18 06:30:01,0
185,2022-07-18 07:00:01,0
186,2022-07-18 07:30:01,0
187,2022-07-18 08:00:01,0
188,2022-07-18 08:30:01,0
189,2022-07-18 09:00:01,0
190,2022-07-18 09:30:01,0
191,2022-07-18 10:00:01,0
192,2022-07-18 10:30:01,0
193,2022-07-18 11:00:01,0
194,2022-07-18 11:30:01,0
195,2022-07-18 12:00:01,0
196,2022-07-18 12:30:01,0
197,2022-07-18 13:00:01,0
198,2022-07-18 13:30:01,0
199,2022-07-18 14:00:01,0
200,2022-07-18 14:30:01,0
201,2022-07-18 15:00:01,0
202,2022-07-18 15:30:01,0
203,2022-07-18 16:00:01,0
204,2022-07-18 16:30:01,0
205,2022-07-18 17:00:01,0
206,2022-07-18 17:30:01,0
207,2022-07-18 18:00:01,0
208,2022-07-18 18:30:01,0
209,2022-07-18 19:00:01,0
210,2022-07-18 19:30:01,0
211,2022-07-18 20:00:01,0
212,2022-07-18 20:30:01,0
213,2022-07-19 05:00:01,1
214,2022-07-19 05:30:01,1
215,2022-07-19 06:00:01,0
216,2022-07-19 06:30:01,0
217,2022-07-19 07:00:01,0
218,2022-07-19 07:30:01,0
219,2022-07-19 08:00:01,0
220,2022-07-19 08:30:01,0
221,2022-07-19 09:00:01,0
222,2022-07-19 09:30:01,0
223,2022-07-19 10:00:01,0
224,2022-07-19 10:30:01,0
225,2022-07-19 11:00:01,0
226,2022-07-19 11:30:01,0
227,2022-07-19 12:00:01,0
228,2022-07-19 12:30:01,0
229,2022-07-19 13:00:01,0
230,2022-07-19 13:30:01,0
231,2022-07-19 14:00:01,0
232,2022-07-19 14:30:01,0
233,2022-07-19 15:00:01,0
234,2022-07-19 15:30:01,0
235,2022-07-19 16:00:01,0
236,2022-07-19 16:30:01,0
237,2022-07-19 17:00:01,0
238,2022-07-19 17:30:01,0
239,2022-07-19 18:00:01,0
240,2022-07-19 18:30:01,0
241,2022-07-19 19:00:01,0
242,2022-07-19 19:30:01,0
243,2022-07-19 20:00:01,0
244,2022-07-19 20:30:01,0
245,2022-07-20 05:00:01,0
246,2022-07-20 05:30:01,0
247,2022-07-20 06:00:01,0
248,2022-07-20 06:30:01,0
249,2022-07-20 07:00:01,0
250,2022-07-20 07:30:01,0
251,2022-07-20 08:00:01,0
252,2022-07-20 08:30:01,0
253,2022-07-20 09:00:01,0
254,2022-07-20 09:30:01,0
255,2022-07-20 10:00:01,0
256,2022-07-20 10:30:01,0
257,2022-07-20 11:00:01,0
258,2022-07-20 11:30:01,0
259,2022-07-20 12:00:01,0
260,2022-07-20 12:30:01,0
261,2022-07-20 13:00:01,0
262,2022-07-20 13:30:01,0
263,2022-07-20 14:00:01,0
264,2022-07-20 14:30:01,0
265,2022-07-20 15:00:01,0
266,2022-07-20 15:30:01,0
267,2022-07-20 16:00:01,0
268,2022-07-20 16:30:01,0
269,2022-07-20 17:00:01,0
270,2022-07-20 17:30:01,0
271,2022-07-20 18:00:01,0
272,2022-07-20 18:30:01,0
273,2022-07-20 19:00:01,0
274,2022-07-20 19:30:01,0
275,2022-07-20 20:00:01,0
276,2022-07-20 20:30:01,0
277,2022-07-21 05:00:01,0
278,2022-07-21 05:30:01,0
279,2022-07-21 06:00:01,0
280,2022-07-21 06:30:01,0
281,2022-07-21 07:00:01,0
282,2022-07-21 07:30:01,1
283,2022-07-21 08:00:01,1
284,2022-07-21 08:30:01,1
285,2022-07-21 09:00:01,0
286,2022-07-21 09:30:01,1
287,2022-07-21 10:00:01,1
288,2022-07-21 10:30:01,1
289,2022-07-21 11:00:01,1
290,2022-07-21 11:30:01,1
291,2022-07-21 12:00:01,0
292,2022-07-21 12:30:01,0
293,2022-07-21 13:00:01,0
294,2022-07-21 13:30:01,0
295,2022-07-21 14:00:01,0
296,2022-07-21 14:30:01,0
297,2022-07-21 15:00:01,0
298,2022-07-21 15:30:01,0
299,2022-07-21 16:00:01,0
300,2022-07-21 16:30:01,0
301,2022-07-21 17:00:01,0
302,2022-07-21 17:30:01,0
303,2022-07-21 18:00:01,0
304,2022-07-21 18:30:01,0
305,2022-07-21 19:00:01,0
306,2022-07-21 19:30:01,0
307,2022-07-21 20:00:01,0
308,2022-07-21 20:30:01,0
309,2022-07-22 05:00:01,0
310,2022-07-22 05:30:01,0
311,2022-07-22 06:00:01,0
312,2022-07-22 06:30:01,0
313,2022-07-22 07:00:01,0
314,2022-07-22 07:30:01,0
315,2022-07-22 08:00:01,0
316,2022-07-22 08:30:01,0
317,2022-07-22 09:00:01,0
318,2022-07-22 09:30:01,0
319,2022-07-22 10:00:01,0
320,2022-07-22 10:30:01,0
321,2022-07-22 11:00:01,0
322,2022-07-22 11:30:01,0
323,2022-07-22 12:00:01,0
324,2022-07-22 12:30:01,0
325,2022-07-22 13:00:01,0
326,2022-07-22 13:30:01,0
327,2022-07-22 14:00:01,0
328,2022-07-22 14:30:01,0
329,2022-07-22 15:00:01,0
330,2022-07-22 15:30:01,0
331,2022-07-22 16:00:01,0
332,2022-07-22 16:30:01,0
333,2022-07-22 17:00:01,0
334,2022-07-22 17:30:01,0
335,2022-07-22 18:00:01,0
336,2022-07-22 18:30:01,0
337,2022-07-22 19:00:01,0
338,2022-07-22 19:30:01,0
339,2022-07-22 20:00:01,0
340,2022-07-22 20:30:01,0
341,2022-07-23 05:00:01,0
342,2022-07-23 05:30:01,0
343,2022-07-23 06:00:01,0
344,2022-07-23 06:30:01,0
345,2022-07-23 07:00:01,0
346,2022-07-23 07:30:01,0
347,2022-07-23 08:00:01,0
348,2022-07-23 08:30:01,0
349,2022-07-23 09:00:01,0
350,2022-07-23 09:30:01,0
351,2022-07-23 10:00:01,0
352,2022-07-23 10:30:01,0
353,2022-07-23 11:00:01,0
354,2022-07-23 11:30:01,0
355,2022-07-23 12:00:01,0
356,2022-07-23 12:30:01,0
357,2022-07-23 13:00:01,0
358,2022-07-23 13:30:01,0
359,2022-07-23 14:00:01,0
360,2022-07-23 14:30:01,0
361,2022-07-23 15:00:01,0
362,2022-07-23 15:30:01,0
363,2022-07-23 16:00:01,0
364,2022-07-23 16:30:01,0
365,2022-07-23 17:00:01,0
366,2022-07-23 17:30:01,0
367,2022-07-23 18:00:01,0
368,2022-07-23 18:30:01,0
369,2022-07-23 19:00:01,0
370,2022-07-23 19:30:01,0
371,2022-07-23 20:00:01,0
372,2022-07-23 20:30:01,0
373,2022-07-24 05:00:01,1
374,2022-07-24 05:30:01,1
375,2022-07-24 06:00:01,1
376,2022-07-24 06:30:01,1
377,2022-07-24 07:00:01,1
378,2022-07-24 07:30:01,1
379,2022-07-24 08:00:01,1
380,2022-07-24 08:30:01,1
381,2022-07-24 09:00:01,1
382,2022-07-24 09:30:01,0
383,2022-07-24 10:00:01,0
384,2022-07-24 10:30:01,0
385,2022-07-24 11:00:01,0
386,2022-07-24 11:30:01,0
387,2022-07-24 12:00:01,0
388,2022-07-24 12:30:01,0
389,2022-07-24 13:00:01,0
390,2022-07-24 13:30:01,0
391,2022-07-24 14:00:01,0
392,2022-07-24 14:30:01,0
393,2022-07-24 15:00:01,0
394,2022-07-24 15:30:01,0
395,2022-07-24 16:00:01,0
396,2022-07-24 16:30:01,0
397,2022-07-24 17:00:01,0
398,2022-07-24 17:30:01,0
399,2022-07-24 18:00:01,0
400,2022-07-24 18:30:01,0
401,2022-07-24 19:00:01,0
402,2022-07-24 19:30:01,0
403,2022-07-24 20:00:01,0
404,2022-07-24 20:30:01,0
405,2022-07-25 05:00:01,0
406,2022-07-25 05:30:01,0
407,2022-07-25 06:00:01,0
408,2022-07-25 06:30:01,0
409,2022-07-25 07:00:01,0
410,2022-07-25 07:30:01,0
411,2022-07-25 08:00:01,0
412,2022-07-25 08:30:01,0
413,2022-07-25 09:00:01,0
414,2022-07-25 09:30:01,0
415,2022-07-25 10:00:01,0
416,2022-07-25 10:30:01,0
417,2022-07-25 11:00:01,0
418,2022-07-25 11:30:01,0
419,2022-07-25 12:00:01,0
420,2022-07-25 12:30:01,0
421,2022-07-25 13:00:01,0
422,2022-07-25 13:30:01,0
423,2022-07-25 14:00:01,0
424,2022-07-25 14:30:01,0
425,2022-07-25 15:00:01,0
426,2022-07-25 15:30:01,0
427,2022-07-25 16:00:01,0
428,2022-07-25 16:30:01,0
429,2022-07-25 17:00:01,0
430,2022-07-25 17:30:01,0
431,2022-07-25 18:00:01,0
432,2022-07-25 18:30:01,0
433,2022-07-25 19:00:01,0
434,2022-07-25 19:30:01,0
435,2022-07-25 20:00:01,0
436,2022-07-25 20:30:01,0
437,2022-07-26 05:00:01,0
438,2022-07-26 05:30:01,0
439,2022-07-26 06:00:01,0
440,2022-07-26 06:30:01,0
441,2022-07-26 07:00:01,0
442,2022-07-26 07:30:01,0
443,2022-07-26 08:00:01,0
444,2022-07-26 08:30:01,0
445,2022-07-26 09:00:01,0
446,2022-07-26 09:30:01,0
447,2022-07-26 10:00:01,0
448,2022-07-26 10:30:01,0
449,2022-07-26 11:00:01,0
450,2022-07-26 11:30:01,0
451,2022-07-26 12:00:01,0
452,2022-07-26 12:30:01,0
453,2022-07-26 13:00:01,0
454,2022-07-26 13:30:01,0
455,2022-07-26 14:00:01,0
456,2022-07-26 14:30:01,0
457,2022-07-26 15:00:01,0
458,2022-07-26 15:30:01,0
459,2022-07-26 16:00:01,0
460,2022-07-26 16:30:01,0
461,2022-07-26 17:00:01,0
462,2022-07-26 17:30:01,0
463,2022-07-26 18:00:01,0
464,2022-07-26 18:30:01,0
465,2022-07-26 19:00:01,0
466,2022-07-26 19:30:01,0
467,2022-07-26 20:00:01,0
468,2022-07-26 20:30:01,0
469,2022-07-27 05:00:01,0
470,2022-07-27 05:30:01,0
471,2022-07-27 06:00:01,0
472,2022-07-27 06:30:01,0
473,2022-07-27 07:00:01,0
474,2022-07-27 07:30:01,0
475,2022-07-27 08:00:01,0
476,2022-07-27 08:30:01,0
477,2022-07-27 09:00:01,0
478,2022-07-27 09:30:01,0
479,2022-07-27 10:00:01,0
480,2022-07-27 10:30:01,0
481,2022-07-27 11:00:01,0
482,2022-07-27 11:30:01,0
483,2022-07-27 12:00:01,0
484,2022-07-27 12:30:01,0
485,2022-07-27 13:00:01,0
486,2022-07-27 13:30:01,0
487,2022-07-27 14:00:01,0
488,2022-07-27 14:30:01,0
489,2022-07-27 15:00:01,0
490,2022-07-27 15:30:01,0
491,2022-07-27 16:00:01,0
492,2022-07-27 16:30:01,0
493,2022-07-27 17:00:01,0
494,2022-07-27 17:30:01,0
495,2022-07-27 18:00:01,0
496,2022-07-27 18:30:01,0
497,2022-07-27 19:00:01,0
498,2022-07-27 19:30:01,0
499,2022-07-27 20:00:01,0
500,2022-07-27 20:30:01,0
501,2022-07-28 05:00:01,0
502,2022-07-28 05:30:01,0
503,2022-07-28 06:00:01,0
504,2022-07-28 06:30:01,0
505,2022-07-28 07:00:01,0
506,2022-07-28 07:30:01,1
507,2022-07-28 08:00:01,1
508,2022-07-28 08:30:01,1
509,2022-07-28 09:00:01,1
510,2022-07-28 09:30:01,0
511,2022-07-28 10:00:01,1
512,2022-07-28 10:30:01,0
513,2022-07-28 11:00:01,0
514,2022-07-28 11:30:01,0
515,2022-07-28 12:00:01,0
516,2022-07-28 12:30:01,0
517,2022-07-28 13:00:01,0
518,2022-07-28 13:30:01,0
519,2022-07-28 14:00:01,0
520,2022-07-28 14:30:01,0
521,2022-07-28 15:00:01,0
522,2022-07-28 15:30:01,0
523,2022-07-28 16:00:01,0
524,2022-07-28 16:30:01,0
525,2022-07-28 17:00:01,0
526,2022-07-28 17:30:01,0
527,2022-07-28 18:00:01,0
528,2022-07-28 18:30:01,0
529,2022-07-28 19:00:01,0
530,2022-07-28 19:30:01,0
531,2022-07-28 20:00:01,0
532,2022-07-28 20:30:01,0
533,2022-07-29 05:00:01,0
534,2022-07-29 05:30:01,0
535,2022-07-29 06:00:01,0
536,2022-07-29 06:30:01,0
537,2022-07-29 07:00:01,0
538,2022-07-29 07:30:01,0
539,2022-07-29 08:00:01,0
540,2022-07-29 08:30:01,0
541,2022-07-29 09:00:01,0
542,2022-07-29 09:30:01,0
543,2022-07-29 10:00:01,0
544,2022-07-29 10:30:01,0
545,2022-07-29 11:00:01,0
546,2022-07-29 11:30:01,0
547,2022-07-29 12:00:01,0
548,2022-07-29 12:30:01,0
549,2022-07-29 13:00:01,0
550,2022-07-29 13:30:01,0
551,2022-07-29 14:00:01,0
552,2022-07-29 14:30:01,0
553,2022-07-29 15:00:01,0
554,2022-07-29 15:30:01,0
555,2022-07-29 16:00:01,0
556,2022-07-29 16:30:01,0
557,2022-07-29 17:00:01,0
558,2022-07-29 17:30:01,0
559,2022-07-29 18:00:01,0
560,2022-07-29 18:30:01,0
561,2022-07-29 19:00:01,0
562,2022-07-29 19:30:01,0
563,2022-07-29 20:00:01,0
564,2022-07-29 20:30:01,0
565,2022-07-30 05:00:01,0
566,2022-07-30 05:30:01,0
567,2022-07-30 06:00:01,0
568,2022-07-30 06:30:01,0
569,2022-07-30 07:00:01,0
570,2022-07-30 07:30:01,0
571,2022-07-30 08:00:01,0
572,2022-07-30 08:30:01,0
573,2022-07-30 09:00:01,0
574,2022-07-30 09:30:01,0
575,2022-07-30 10:00:01,0
576,2022-07-30 10:30:01,0
577,2022-07-30 11:00:01,0
578,2022-07-30 11:30:01,0
579,2022-07-30 12:00:01,0
580,2022-07-30 12:30:01,0
581,2022-07-30 13:00:01,0
582,2022-07-30 13:30:01,0
583,2022-07-30 14:00:01,0
584,2022-07-30 14:30:01,0
585,2022-07-30 15:00:01,0
586,2022-07-30 15:30:01,0
587,2022-07-30 16:00:01,0
588,2022-07-30 16:30:01,0
589,2022-07-30 17:00:01,0
590,2022-07-30 17:30:01,0
591,2022-07-30 18:00:01,0
592,2022-07-30 18:30:01,0
593,2022-07-30 19:00:01,0
594,2022-07-30 19:30:01,0
595,2022-07-30 20:00:01,0
596,2022-07-30 20:30:01,0
597,2022-07-31 05:00:01,0
598,2022-07-31 05:30:01,0
599,2022-07-31 06:00:01,0
600,2022-07-31 06:30:01,0
601,2022-07-31 07:00:01,0
602,2022-07-31 07:30:01,0
603,2022-07-31 08:00:01,0
604,2022-07-31 08:30:01,0
605,2022-07-31 09:00:01,0
606,2022-07-31 09:30:01,0
607,2022-07-31 10:00:01,0
608,2022-07-31 10:30:01,0
609,2022-07-31 11:00:01,0
610,2022-07-31 11:30:01,0
611,2022-07-31 12:00:01,0
612,2022-07-31 12:30:01,0
613,2022-07-31 13:00:01,0
614,2022-07-31 13:30:01,0
615,2022-07-31 14:00:01,0
616,2022-07-31 14:30:01,0
617,2022-07-31 15:00:01,0
618,2022-07-31 15:30:01,0
619,2022-07-31 16:00:01,0
620,2022-07-31 16:30:01,0
621,2022-07-31 17:00:01,0
622,2022-07-31 17:30:01,0
623,2022-07-31 18:00:01,0
624,2022-07-31 18:30:01,0
625,2022-07-31 19:00:01,0
626,2022-07-31 19:30:01,0
627,2022-07-31 20:00:01,0
628,2022-07-31 20:30:01,0
629,2022-08-01 05:00:01,1
630,2022-08-01 05:30:01,1
631,2022-08-01 06:00:01,1
632,2022-08-01 06:30:01,1
633,2022-08-01 07:00:01,1
634,2022-08-01 07:30:01,0
635,2022-08-01 08:00:01,0
636,2022-08-01 08:30:01,0
637,2022-08-01 09:00:01,0
638,2022-08-01 09:30:01,0
639,2022-08-01 10:00:01,0
640,2022-08-01 10:30:01,0
641,2022-08-01 11:00:01,0
642,2022-08-01 11:30:01,0
643,2022-08-01 12:00:01,0
644,2022-08-01 12:30:01,0
645,2022-08-01 13:00:01,0
646,2022-08-01 13:30:01,0
647,2022-08-01 14:00:01,0
648,2022-08-01 14:30:01,0
649,2022-08-01 15:00:01,0
650,2022-08-01 15:30:01,0
651,2022-08-01 16:00:01,0
652,2022-08-01 16:30:01,0
653,2022-08-01 17:00:01,0
654,2022-08-01 17:30:01,0
655,2022-08-01 18:00:01,0
656,2022-08-01 18:30:01,0
657,2022-08-01 19:00:01,0
658,2022-08-01 19:30:01,0
659,2022-08-01 20:00:01,0
660,2022-08-01 20:30:01,0
661,2022-08-02 05:00:01,0
662,2022-08-02 05:30:01,0
663,2022-08-02 06:00:01,0
664,2022-08-02 06:30:01,0
665,2022-08-02 07:00:01,0
666,2022-08-02 07:30:01,0
667,2022-08-02 08:00:01,0
668,2022-08-02 08:30:01,0
669,2022-08-02 09:00:01,0
670,2022-08-02 09:30:01,0
671,2022-08-02 10:00:01,0
672,2022-08-02 10:30:01,0
673,2022-08-02 11:00:01,0
674,2022-08-02 11:30:01,0
675,2022-08-02 12:00:01,0
676,2022-08-02 12:30:01,0
677,2022-08-02 13:00:01,0
678,2022-08-02 13:30:01,0
679,2022-08-02 14:00:01,0
680,2022-08-02 14:30:01,0
681,2022-08-02 15:00:01,0
682,2022-08-02 15:30:01,0
683,2022-08-02 16:00:01,0
684,2022-08-02 16:30:01,0
685,2022-08-02 17:00:01,0
686,2022-08-02 17:30:01,0
687,2022-08-02 18:00:01,0
688,2022-08-02 18:30:01,0
689,2022-08-02 19:00:01,0
690,2022-08-02 19:30:01,0
691,2022-08-02 20:00:01,0
692,2022-08-02 20:30:01,0
693,2022-08-03 05:00:01,1
694,2022-08-03 05:30:01,0
695,2022-08-03 06:00:01,0
696,2022-08-03 06:30:01,0
697,2022-08-03 07:00:01,0
698,2022-08-03 07:30:01,0
699,2022-08-03 08:00:01,0
700,2022-08-03 08:30:01,0
701,2022-08-03 09:00:01,0
702,2022-08-03 09:30:01,0
703,2022-08-03 10:00:01,0
704,2022-08-03 10:30:01,0
705,2022-08-03 11:00:01,0
706,2022-08-03 11:30:01,0
707,2022-08-03 12:00:01,0
708,2022-08-03 12:30:01,0
709,2022-08-03 13:00:01,0
710,2022-08-03 13:30:01,0
711,2022-08-03 14:00:01,0
712,2022-08-03 14:30:01,0
713,2022-08-03 15:00:01,0
714,2022-08-03 15:30:01,0
715,2022-08-03 16:00:01,0
716,2022-08-03 16:30:01,0
717,2022-08-03 17:00:01,0
718,2022-08-03 17:30:01,0
719,2022-08-03 18:00:01,0
720,2022-08-03 18:30:01,0
721,2022-08-03 19:00:01,0
722,2022-08-03 19:30:01,0
723,2022-08-03 20:00:01,0
724,2022-08-03 20:30:01,0
725,2022-08-04 05:00:01,1
726,2022-08-04 05:30:01,0
727,2022-08-04 06:00:01,0
728,2022-08-04 06:30:01,0
729,2022-08-04 07:00:01,0
730,2022-08-04 07:30:01,0
731,2022-08-04 08:00:01,0
732,2022-08-04 08:30:01,0
733,2022-08-04 09:00:01,0
734,2022-08-04 09:30:01,0
735,2022-08-04 10:00:01,0
736,2022-08-04 10:30:01,0
737,2022-08-04 11:00:01,0
738,2022-08-04 11:30:01,0
739,2022-08-04 12:00:01,0
740,2022-08-04 12:30:01,0
741,2022-08-04 13:00:01,0
742,2022-08-04 13:30:01,0
743,2022-08-04 14:00:01,0
744,2022-08-04 14:30:01,0
745,2022-08-04 15:00:01,0
746,2022-08-04 15:30:01,0
747,2022-08-04 16:00:01,0
748,2022-08-04 16:30:01,0
749,2022-08-04 17:00:01,0
750,2022-08-04 17:30:01,0
751,2022-08-04 18:00:01,0
752,2022-08-04 18:30:01,0
753,2022-08-04 19:00:01,0
754,2022-08-04 19:30:01,0
755,2022-08-04 20:00:01,0
756,2022-08-04 20:30:01,0
757,2022-08-05 05:00:01,1
758,2022-08-05 05:30:01,1
759,2022-08-05 06:00:01,1
760,2022-08-05 06:30:01,0
761,2022-08-05 07:00:01,0
762,2022-08-05 07:30:01,0
763,2022-08-05 08:00:01,0
764,2022-08-05 08:30:01,0
765,2022-08-05 09:00:01,0
766,2022-08-05 09:30:01,0
767,2022-08-05 10:00:01,0
768,2022-08-05 10:30:01,0
769,2022-08-05 11:00:01,0
770,2022-08-05 11:30:01,0
771,2022-08-05 12:00:01,0
772,2022-08-05 12:30:01,0
773,2022-08-05 13:00:01,0
774,2022-08-05 13:30:01,0
775,2022-08-05 14:00:01,0
776,2022-08-05 14:30:01,0
777,2022-08-05 15:00:01,0
778,2022-08-05 15:30:01,0
779,2022-08-05 16:00:01,0
780,2022-08-05 16:30:01,0
781,2022-08-05 17:00:01,0
782,2022-08-05 17:30:01,0
783,2022-08-05 18:00:01,0
784,2022-08-05 18:30:01,0
785,2022-08-05 19:00:01,0
786,2022-08-05 19:30:01,0
787,2022-08-05 20:00:01,0
788,2022-08-05 20:30:01,0
789,2022-08-06 05:00:01,0
790,2022-08-06 05:30:01,0
791,2022-08-06 06:00:01,0
792,2022-08-06 06:30:01,0
793,2022-08-06 07:00:01,0
794,2022-08-06 07:30:01,0
795,2022-08-06 08:00:01,0
796,2022-08-06 08:30:01,0
797,2022-08-06 09:00:01,0
798,2022-08-06 09:30:01,0
799,2022-08-06 10:00:01,0
800,2022-08-06 10:30:01,0
801,2022-08-06 11:00:01,0
802,2022-08-06 11:30:01,0
803,2022-08-06 12:00:01,0
804,2022-08-06 12:30:01,0
805,2022-08-06 13:00:01,0
806,2022-08-06 13:30:01,0
807,2022-08-06 14:00:01,0
808,2022-08-06 14:30:01,0
809,2022-08-06 15:00:01,0
810,2022-08-06 15:30:01,0
811,2022-08-06 16:00:01,0
812,2022-08-06 16:30:01,0
813,2022-08-06 17:00:01,0
814,2022-08-06 17:30:01,0
815,2022-08-06 18:00:01,0
816,2022-08-06 18:30:01,0
817,2022-08-06 19:00:01,0
818,2022-08-06 19:30:01,0
819,2022-08-06 20:00:01,0
820,2022-08-06 20:30:01,0
821,2022-08-07 05:00:01,0
822,2022-08-07 05:30:01,0
823,2022-08-07 06:00:01,0
824,2022-08-07 06:30:01,0
825,2022-08-07 07:00:01,0
826,2022-08-07 07:30:01,0
827,2022-08-07 08:00:01,0
828,2022-08-07 08:30:01,0
829,2022-08-07 09:00:01,0
830,2022-08-07 09:30:01,0
831,2022-08-07 10:00:01,0
832,2022-08-07 10:30:01,0
833,2022-08-07 11:00:01,0
834,2022-08-07 11:30:01,0
835,2022-08-07 12:00:01,0
836,2022-08-07 12:30:01,0
837,2022-08-07 13:00:01,0
838,2022-08-07 13:30:01,0
839,2022-08-07 14:00:01,0
840,2022-08-07 14:30:01,0
841,2022-08-07 15:00:01,0
842,2022-08-07 15:30:01,0
843,2022-08-07 16:00:01,0
844,2022-08-07 16:30:01,0
845,2022-08-07 17:00:01,0
846,2022-08-07 17:30:01,0
847,2022-08-07 18:00:01,0
848,2022-08-07 18:30:01,0
849,2022-08-07 19:00:01,0
850,2022-08-07 19:30:01,0
851,2022-08-07 20:00:01,0
852,2022-08-07 20:30:01,0
853,2022-08-08 05:00:01,0
854,2022-08-08 05:30:01,0
855,2022-08-08 06:00:01,0
856,2022-08-08 06:30:01,0
857,2022-08-08 07:00:01,0
858,2022-08-08 07:30:01,0
859,2022-08-08 08:00:01,0
860,2022-08-08 08:30:01,0
861,2022-08-08 09:00:01,0
862,2022-08-08 09:30:01,0
863,2022-08-08 10:00:01,0
864,2022-08-08 10:30:01,0
865,2022-08-08 11:00:01,0
866,2022-08-08 11:30:01,0
867,2022-08-08 12:00:01,0
868,2022-08-08 12:30:01,0
869,2022-08-08 13:00:01,0
870,2022-08-08 13:30:01,0
871,2022-08-08 14:00:01,0
872,2022-08-08 14:30:01,0
873,2022-08-08 15:00:01,0
874,2022-08-08 15:30:01,0
875,2022-08-08 16:00:01,0
876,2022-08-08 16:30:01,0
877,2022-08-08 17:00:01,0
878,2022-08-08 17:30:01,0
879,2022-08-08 18:00:01,0
880,2022-08-08 18:30:01,0
881,2022-08-08 19:00:01,0
882,2022-08-08 19:30:01,0
883,2022-08-08 20:00:01,0
884,2022-08-08 20:30:01,0
885,2022-08-09 05:00:01,1
886,2022-08-09 05:30:01,1
887,2022-08-09 06:00:01,1
888,2022-08-09 06:30:01,1
889,2022-08-09 07:00:01,1
890,2022-08-09 07:30:01,1
891,2022-08-09 08:00:01,1
892,2022-08-09 08:30:01,1
893,2022-08-09 09:00:01,1
894,2022-08-09 09:30:01,1
895,2022-08-09 10:00:01,1
896,2022-08-09 10:30:01,1
897,2022-08-09 11:00:01,1
898,2022-08-09 11:30:01,1
899,2022-08-09 12:00:01,1
900,2022-08-09 12:30:01,0
901,2022-08-09 13:00:01,0
902,2022-08-09 13:30:01,0
903,2022-08-09 14:00:01,0
904,2022-08-09 14:30:01,0
905,2022-08-09 15:00:01,0
906,2022-08-09 15:30:01,0
907,2022-08-09 16:00:01,0
908,2022-08-09 16:30:01,0
909,2022-08-09 17:00:01,0
910,2022-08-09 17:30:01,0
911,2022-08-09 18:00:01,0
912,2022-08-09 18:30:01,0
913,2022-08-09 19:00:01,0
914,2022-08-09 19:30:01,0
915,2022-08-09 20:00:01,0
916,2022-08-09 20:30:01,0
917,2022-08-10 05:00:01,1
918,2022-08-10 05:30:01,1
919,2022-08-10 06:00:01,0
920,2022-08-10 06:30:01,0
921,2022-08-10 07:00:01,0
922,2022-08-10 07:30:01,0
923,2022-08-10 08:00:01,0
924,2022-08-10 08:30:01,0
925,2022-08-10 09:00:01,0
926,2022-08-10 09:30:01,0
927,2022-08-10 10:00:01,0
928,2022-08-10 10:30:01,0
929,2022-08-10 11:00:01,0
930,2022-08-10 11:30:01,0
931,2022-08-10 12:00:01,0
932,2022-08-10 12:30:01,1
933,2022-08-10 13:00:01,0
934,2022-08-10 13:30:01,0
935,2022-08-10 14:00:01,0
936,2022-08-10 14:30:01,0
937,2022-08-10 15:00:01,0
938,2022-08-10 15:30:01,1
939,2022-08-10 16:00:01,0
940,2022-08-10 16:30:01,0
941,2022-08-10 17:00:01,0
942,2022-08-10 17:30:01,0
943,2022-08-10 18:00:01,0
944,2022-08-10 18:30:01,0
945,2022-08-10 19:00:01,0
946,2022-08-10 19:30:01,0
947,2022-08-10 20:00:01,0
948,2022-08-10 20:30:01,0
949,2022-08-11 05:00:01,1
950,2022-08-11 05:30:01,0
951,2022-08-11 06:00:01,0
952,2022-08-11 06:30:01,0
953,2022-08-11 07:00:01,0
954,2022-08-11 07:30:01,0
955,2022-08-11 08:00:01,0
956,2022-08-11 08:30:01,0
957,2022-08-11 09:00:01,0
958,2022-08-11 09:30:01,0
959,2022-08-11 10:00:01,0
960,2022-08-11 10:30:01,0
961,2022-08-11 11:00:01,0
962,2022-08-11 11:30:01,0
963,2022-08-11 12:00:01,0
964,2022-08-11 12:30:01,0
965,2022-08-11 13:00:01,0
966,2022-08-11 13:30:01,0
967,2022-08-11 14:00:01,0
968,2022-08-11 14:30:01,0
969,2022-08-11 15:00:01,0
970,2022-08-11 15:30:01,0
971,2022-08-11 16:00:01,0
972,2022-08-11 16:30:01,0
973,2022-08-11 17:00:01,0
974,2022-08-11 17:30:01,0
975,2022-08-11 18:00:01,0
976,2022-08-11 18:30:01,0
977,2022-08-11 19:00:01,0
978,2022-08-11 19:30:01,0
979,2022-08-11 20:00:01,0
980,2022-08-11 20:30:01,0
981,2022-08-12 05:00:01,1
982,2022-08-12 05:30:01,0
983,2022-08-12 06:00:01,0
984,2022-08-12 06:30:01,0
985,2022-08-12 07:00:01,0
986,2022-08-12 07:30:01,0
987,2022-08-12 08:00:01,0
988,2022-08-12 08:30:01,0
989,2022-08-12 09:00:01,0
990,2022-08-12 09:30:01,0
991,2022-08-12 10:00:01,0
992,2022-08-12 10:30:01,0
993,2022-08-12 11:00:01,0
994,2022-08-12 11:30:01,0
995,2022-08-12 12:00:01,0
996,2022-08-12 12:30:01,0
997,2022-08-12 13:00:01,0
998,2022-08-12 13:30:01,0
999,2022-08-12 14:00:01,0
1000,2022-08-12 14:30:01,0
1001,2022-08-12 15:00:01,0
1002,2022-08-12 15:30:01,0
1003,2022-08-12 16:00:01,0
1004,2022-08-12 16:30:01,0
1005,2022-08-12 17:00:01,0
1006,2022-08-12 17:30:01,0
1007,2022-08-12 18:00:01,0
1008,2022-08-12 18:30:01,0
1009,2022-08-12 19:00:01,0
1010,2022-08-12 19:30:01,0
1011,2022-08-12 20:00:01,0
1012,2022-08-12 20:30:01,0
1013,2022-08-13 05:00:01,1
1014,2022-08-13 05:30:01,0
1015,2022-08-13 06:00:01,0
1016,2022-08-13 06:30:01,0
1017,2022-08-13 07:00:01,0
1018,2022-08-13 07:30:01,0
1019,2022-08-13 08:00:01,0
1020,2022-08-13 08:30:01,0
1021,2022-08-13 09:00:01,0
1022,2022-08-13 09:30:01,0
1023,2022-08-13 10:00:01,0
1024,2022-08-13 10:30:01,0
1025,2022-08-13 11:00:01,0
1026,2022-08-13 11:30:01,0
1027,2022-08-13 12:00:01,0
1028,2022-08-13 12:30:01,0
1029,2022-08-13 13:00:01,0
1030,2022-08-13 13:30:01,0
1031,2022-08-13 14:00:01,0
1032,2022-08-13 14:30:01,0
1033,2022-08-13 15:00:01,0
1034,2022-08-13 15:30:01,0
1035,2022-08-13 16:00:01,0
1036,2022-08-13 16:30:01,0
1037,2022-08-13 17:00:01,0
1038,2022-08-13 17:30:01,0
1039,2022-08-13 18:00:01,0
1040,2022-08-13 18:30:01,0
1041,2022-08-13 19:00:01,0
1042,2022-08-13 19:30:01,0
1043,2022-08-13 20:00:01,0
1044,2022-08-13 20:30:01,0
1045,2022-08-14 05:00:01,1
1046,2022-08-14 05:30:01,0
1047,2022-08-14 06:00:01,0
1048,2022-08-14 06:30:01,0
1049,2022-08-14 07:00:01,0
1050,2022-08-14 07:30:01,0
1051,2022-08-14 08:00:01,0
1052,2022-08-14 08:30:01,0
1053,2022-08-14 09:00:01,0
1054,2022-08-14 09:30:01,0
1055,2022-08-14 10:00:01,0
1056,2022-08-14 10:30:01,0
1057,2022-08-14 11:00:01,0
1058,2022-08-14 11:30:01,0
1059,2022-08-14 12:00:01,0
1060,2022-08-14 12:30:01,0
1061,2022-08-14 13:00:01,0
1062,2022-08-14 13:30:01,0
1063,2022-08-14 14:00:01,0
1064,2022-08-14 14:30:01,0
1065,2022-08-14 15:00:01,0
1066,2022-08-14 15:30:01,0
1067,2022-08-14 16:00:01,0
1068,2022-08-14 16:30:01,0
1069,2022-08-14 17:00:01,0
1070,2022-08-14 17:30:01,0
1071,2022-08-14 18:00:01,0
1072,2022-08-14 18:30:01,0
1073,2022-08-14 19:00:01,0
1074,2022-08-14 19:30:01,0
1075,2022-08-14 20:00:01,0
1076,2022-08-14 20:30:01,0
1077,2022-08-15 05:00:01,1
1078,2022-08-15 05:30:01,0
1079,2022-08-15 06:00:01,0
1080,2022-08-15 06:30:01,0
1081,2022-08-15 07:00:01,0
1082,2022-08-15 07:30:01,0
1083,2022-08-15 08:00:01,0
1084,2022-08-15 08:30:01,0
1085,2022-08-15 09:00:01,0
1086,2022-08-15 09:30:01,0
1087,2022-08-15 10:00:01,0
1088,2022-08-15 10:30:01,0
1089,2022-08-15 11:00:01,0
1090,2022-08-15 11:30:01,0
1091,2022-08-15 12:00:01,0
1092,2022-08-15 12:30:01,0
1093,2022-08-15 13:00:01,0
1094,2022-08-15 13:30:01,0
1095,2022-08-15 14:00:01,0
1096,2022-08-15 14:30:01,0
1097,2022-08-15 15:00:01,0
1098,2022-08-15 15:30:01,0
1099,2022-08-15 16:00:01,0
1100,2022-08-15 16:30:01,0
1101,2022-08-15 17:00:01,0
1102,2022-08-15 17:30:01,0
1103,2022-08-15 18:00:01,0
1104,2022-08-15 18:30:01,0
1105,2022-08-15 19:00:01,0
1106,2022-08-15 19:30:01,0
1107,2022-08-15 20:00:01,0
1108,2022-08-15 20:30:01,0
1109,2022-08-16 05:00:01,1
1110,2022-08-16 05:30:01,0
1111,2022-08-16 06:00:01,0
1112,2022-08-16 06:30:01,0
1113,2022-08-16 07:00:01,0
1114,2022-08-16 07:30:01,0
1115,2022-08-16 08:00:01,0
1116,2022-08-16 08:30:01,0
1117,2022-08-16 09:00:01,0
1118,2022-08-16 09:30:01,0
1119,2022-08-16 10:00:01,0
1120,2022-08-16 10:30:01,0
1121,2022-08-16 11:00:01,0
1122,2022-08-16 11:30:01,0
1123,2022-08-16 12:00:01,0
1124,2022-08-16 12:30:01,0
1125,2022-08-16 13:00:01,0
1126,2022-08-16 13:30:01,0
1127,2022-08-16 14:00:01,0
1128,2022-08-16 14:30:01,0
1129,2022-08-16 15:00:01,0
1130,2022-08-16 15:30:01,0
1131,2022-08-16 16:00:01,0
1132,2022-08-16 16:30:01,0
1133,2022-08-16 17:00:01,0
1134,2022-08-16 17:30:01,0
1135,2022-08-16 18:00:01,0
1136,2022-08-16 18:30:01,0
1137,2022-08-16 19:00:01,0
1138,2022-08-16 19:30:01,0
1139,2022-08-16 20:00:01,0
1140,2022-08-16 20:30:01,0
1141,2022-08-17 05:00:01,1
1142,2022-08-17 05:30:01,0
1143,2022-08-17 06:00:01,0
1144,2022-08-17 06:30:01,0
1145,2022-08-17 07:00:01,0
1146,2022-08-17 07:30:01,0
1147,2022-08-17 08:00:01,0
1148,2022-08-17 08:30:01,0
1149,2022-08-17 09:00:01,0
1150,2022-08-17 09:30:01,0
1151,2022-08-17 10:00:01,0
1152,2022-08-17 10:30:01,0
1153,2022-08-17 11:00:01,0
1154,2022-08-17 11:30:01,0
1155,2022-08-17 12:00:01,0
1156,2022-08-17 12:30:01,0
1157,2022-08-17 13:00:01,0
1158,2022-08-17 13:30:01,0
1159,2022-08-17 14:00:01,0
1160,2022-08-17 14:30:01,0
1161,2022-08-17 15:00:01,0
1162,2022-08-17 15:30:01,0
1163,2022-08-17 16:00:01,0
1164,2022-08-17 16:30:01,0
1165,2022-08-17 17:00:01,0
1166,2022-08-17 17:30:01,0
1167,2022-08-17 18:00:01,0
1168,2022-08-17 18:30:01,0
1169,2022-08-17 19:00:01,0
1170,2022-08-17 19:30:01,0
1171,2022-08-17 20:00:01,0
1172,2022-08-17 20:30:01,0
1173,2022-08-18 05:00:01,1
1174,2022-08-18 05:30:01,1
1175,2022-08-18 06:00:01,0
1176,2022-08-18 06:30:01,0
1177,2022-08-18 07:00:01,0
1178,2022-08-18 07:30:01,0
1179,2022-08-18 08:00:01,0
1180,2022-08-18 08:30:01,0
1181,2022-08-18 09:00:01,0
1182,2022-08-18 09:30:01,0
1183,2022-08-18 10:00:01,0
1184,2022-08-18 10:30:01,0
1185,2022-08-18 11:00:01,0
1186,2022-08-18 11:30:01,0
1187,2022-08-18 12:00:01,0
1188,2022-08-18 12:30:01,0
1189,2022-08-18 13:00:01,0
1190,2022-08-18 13:30:01,0
1191,2022-08-18 14:00:01,0
1192,2022-08-18 14:30:01,0
1193,2022-08-18 15:00:01,0
1194,2022-08-18 15:30:01,0
1195,2022-08-18 16:00:01,0
1196,2022-08-18 16:30:01,0
1197,2022-08-18 17:00:01,0
1198,2022-08-18 17:30:01,0
1199,2022-08-18 18:00:01,0
1200,2022-08-18 18:30:01,0
1201,2022-08-18 19:00:01,0
1202,2022-08-18 19:30:01,0
1203,2022-08-18 20:00:01,0
1204,2022-08-18 20:30:01,0
1205,2022-08-19 06:00:01,0
1206,2022-08-19 06:30:01,0
1207,2022-08-19 07:00:01,0
1208,2022-08-19 07:30:01,0
1209,2022-08-19 08:00:01,0
1210,2022-08-19 08:30:01,0
1211,2022-08-19 09:00:01,0
1212,2022-08-19 09:30:01,0
1213,2022-08-19 10:00:01,0
1214,2022-08-19 10:30:01,0
1215,2022-08-19 11:00:01,0
1216,2022-08-19 11:30:01,0
1217,2022-08-19 12:00:01,0
1218,2022-08-19 12:30:01,0
1219,2022-08-19 13:00:01,0
1220,2022-08-19 13:30:01,0
1221,2022-08-19 14:00:01,0
1222,2022-08-19 14:30:01,0
1223,2022-08-19 15:00:01,0
1224,2022-08-19 15:30:01,0
1225,2022-08-19 16:00:01,0
1226,2022-08-19 16:30:01,0
1227,2022-08-19 17:00:01,0
1228,2022-08-19 17:30:01,0
1229,2022-08-19 18:00:01,0
1230,2022-08-19 18:30:01,0
1231,2022-08-19 19:00:01,0
1232,2022-08-19 19:30:01,0
1233,2022-08-19 20:00:01,0
1234,2022-08-19 20:30:01,0
1235,2022-08-20 06:00:01,0
1236,2022-08-20 06:30:01,0
1237,2022-08-20 07:00:01,0
1238,2022-08-20 07:30:01,0
1239,2022-08-20 08:00:01,0
1240,2022-08-20 08:30:01,0
1241,2022-08-20 09:00:01,0
1242,2022-08-20 09:30:01,0
1243,2022-08-20 10:00:01,0
1244,2022-08-20 10:30:01,0
1245,2022-08-20 11:00:01,0
1246,2022-08-20 11:30:01,0
1247,2022-08-20 12:00:01,0
1248,2022-08-20 12:30:01,0
1249,2022-08-20 13:00:01,0
1250,2022-08-20 13:30:01,0
1251,2022-08-20 14:00:01,0
1252,2022-08-20 14:30:01,0
1253,2022-08-20 15:00:01,0
1254,2022-08-20 15:30:01,0
1255,2022-08-20 16:00:01,0
1256,2022-08-20 16:30:01,0
1257,2022-08-20 17:00:01,0
1258,2022-08-20 17:30:01,0
1259,2022-08-20 18:00:01,0
1260,2022-08-20 18:30:01,0
1261,2022-08-20 19:00:01,0
1262,2022-08-20 19:30:01,0
1263,2022-08-20 20:00:01,0
1264,2022-08-20 20:30:01,0
1265,2022-08-21 06:00:01,0
1266,2022-08-21 06:30:01,0
1267,2022-08-21 07:00:01,0
1268,2022-08-21 07:30:01,0
1269,2022-08-21 08:00:01,0
1270,2022-08-21 08:30:01,0
1271,2022-08-21 09:00:01,0
1272,2022-08-21 09:30:01,0
1273,2022-08-21 10:00:01,0
1274,2022-08-21 10:30:01,0
1275,2022-08-21 11:00:01,0
1276,2022-08-21 11:30:01,0
1277,2022-08-21 12:00:01,0
1278,2022-08-21 12:30:01,0
1279,2022-08-21 13:00:01,0
1280,2022-08-21 13:30:01,0
1281,2022-08-21 14:00:01,0
1282,2022-08-21 14:30:01,0
1283,2022-08-21 15:00:01,0
1284,2022-08-21 15:30:01,0
1285,2022-08-21 16:00:01,0
1286,2022-08-21 16:30:01,0
1287,2022-08-21 17:00:01,0
1288,2022-08-21 17:30:01,0
1289,2022-08-21 18:00:01,0
1290,2022-08-21 18:30:01,0
1291,2022-08-21 19:00:01,0
1292,2022-08-21 19:30:01,0
1293,2022-08-21 20:00:01,0
1294,2022-08-21 20:30:01,0
1295,2022-08-22 05:30:01,1
1296,2022-08-22 06:00:01,0
1297,2022-08-22 06:30:01,0
1298,2022-08-22 07:00:01,0
1299,2022-08-22 07:30:01,0
1300,2022-08-22 08:00:01,0
1301,2022-08-22 08:30:01,0
1302,2022-08-22 09:00:01,0
1303,2022-08-22 09:30:01,0
1304,2022-08-22 10:00:01,0
1305,2022-08-22 10:30:01,0
1306,2022-08-22 11:00:01,1
1307,2022-08-22 11:30:01,0
1308,2022-08-22 12:00:01,0
1309,2022-08-22 12:30:01,0
1310,2022-08-22 13:00:01,0
1311,2022-08-22 13:30:01,0
1312,2022-08-22 14:00:01,0
1313,2022-08-22 14:30:01,0
1314,2022-08-22 15:00:01,0
1315,2022-08-22 15:30:01,0
1316,2022-08-22 16:00:01,0
1317,2022-08-22 16:30:01,0
1318,2022-08-22 17:00:01,0
1319,2022-08-22 17:30:01,0
1320,2022-08-22 18:00:01,0
1321,2022-08-22 18:30:01,0
1322,2022-08-22 19:00:01,0
1323,2022-08-22 19:30:01,0
1324,2022-08-22 20:00:01,0
1325,2022-08-22 20:30:01,0
1326,2022-08-23 05:30:01,0
1327,2022-08-23 06:00:01,0
1328,2022-08-23 06:30:01,0
1329,2022-08-23 07:00:01,0
1330,2022-08-23 07:30:01,0
1331,2022-08-23 08:00:01,1
1332,2022-08-23 08:30:01,0
1333,2022-08-23 09:00:01,1
1334,2022-08-23 09:30:01,0
1335,2022-08-23 10:00:01,0
1336,2022-08-23 10:30:01,0
1337,2022-08-23 11:00:01,1
1338,2022-08-23 11:30:01,0
1339,2022-08-23 12:00:01,1
1340,2022-08-23 12:30:01,1
1341,2022-08-23 13:00:01,0
1342,2022-08-23 13:30:01,0
1343,2022-08-23 14:00:01,0
1344,2022-08-23 14:30:01,0
1345,2022-08-23 15:00:01,0
1346,2022-08-23 15:30:01,0
1347,2022-08-23 16:00:01,0
1348,2022-08-23 16:30:01,0
1349,2022-08-23 17:00:01,0
1350,2022-08-23 17:30:01,0
1351,2022-08-23 18:00:01,0
1352,2022-08-23 18:30:01,0
1353,2022-08-23 19:00:01,0
1354,2022-08-23 19:30:01,0
1355,2022-08-23 20:00:01,0
1356,2022-08-23 20:30:01,0
1357,2022-08-24 05:30:01,1
1358,2022-08-24 06:00:01,0
1359,2022-08-24 06:30:01,0
1360,2022-08-24 07:00:01,0
1361,2022-08-24 07:30:01,0
1362,2022-08-24 08:00:01,0
1363,2022-08-24 08:30:01,0
1364,2022-08-24 09:00:01,0
1365,2022-08-24 09:30:01,0
1366,2022-08-24 10:00:01,0
1367,2022-08-24 10:30:01,0
1368,2022-08-24 11:00:01,0
1369,2022-08-24 11:30:01,0
1370,2022-08-24 12:00:01,0
1371,2022-08-24 12:30:01,0
1372,2022-08-24 13:00:01,0
1373,2022-08-24 13:30:01,0
1374,2022-08-24 14:00:01,0
1375,2022-08-24 14:30:01,0
1376,2022-08-24 15:00:01,0
1377,2022-08-24 15:30:01,0
1378,2022-08-24 16:00:01,0
1379,2022-08-24 16:30:01,0
1380,2022-08-24 17:00:01,0
1381,2022-08-24 17:30:01,0
1382,2022-08-24 18:00:01,0
1383,2022-08-24 18:30:01,0
1384,2022-08-24 19:00:01,0
1385,2022-08-24 19:30:01,0
1386,2022-08-24 20:00:01,0
1387,2022-08-24 20:30:01,0
1388,2022-08-25 05:30:01,1
1389,2022-08-25 06:00:01,0
1390,2022-08-25 06:30:01,0
1391,2022-08-25 07:00:01,0
1392,2022-08-25 07:30:01,0
1393,2022-08-25 08:00:01,0
1394,2022-08-25 08:30:01,0
1395,2022-08-25 09:00:01,0
1396,2022-08-25 09:30:01,0
1397,2022-08-25 10:00:01,1
1398,2022-08-25 10:30:01,1
1399,2022-08-25 11:00:01,1
1400,2022-08-25 11:30:01,1
1401,2022-08-25 12:00:01,1
1402,2022-08-25 12:30:01,1
1403,2022-08-25 13:00:01,0
1404,2022-08-25 13:30:01,0
1405,2022-08-25 14:00:01,0
1406,2022-08-25 14:30:01,0
1407,2022-08-25 15:00:01,0
1408,2022-08-25 15:30:01,0
1409,2022-08-25 16:00:01,0
1410,2022-08-25 16:30:01,0
1411,2022-08-25 17:00:01,0
1412,2022-08-25 17:30:01,0
1413,2022-08-25 18:00:01,0
1414,2022-08-25 18:30:01,0
1415,2022-08-25 19:00:01,0
1416,2022-08-25 19:30:01,0
1417,2022-08-25 20:00:01,0
1418,2022-08-25 20:30:01,0
1419,2022-08-26 05:30:01,1
1420,2022-08-26 06:00:01,0
1421,2022-08-26 06:30:01,0
1422,2022-08-26 07:00:01,0
1423,2022-08-26 07:30:01,0
1424,2022-08-26 08:00:01,0
1425,2022-08-26 08:30:01,0
1426,2022-08-26 09:00:01,0
1427,2022-08-26 09:30:01,0
1428,2022-08-26 10:00:01,0
1429,2022-08-26 10:30:01,0
1430,2022-08-26 11:00:01,0
1431,2022-08-26 11:30:01,0
1432,2022-08-26 12:00:01,0
1433,2022-08-26 12:30:01,0
1434,2022-08-26 13:00:01,0
1435,2022-08-26 13:30:01,0
1436,2022-08-26 14:00:01,0
1437,2022-08-26 14:30:01,0
1438,2022-08-26 15:00:01,0
1439,2022-08-26 15:30:01,0
1440,2022-08-26 16:00:01,0
1441,2022-08-26 16:30:01,0
1442,2022-08-26 17:00:01,0
1443,2022-08-26 17:30:01,0
1444,2022-08-26 18:00:01,0
1445,2022-08-26 18:30:01,1
1446,2022-08-26 19:00:01,0
1447,2022-08-26 19:30:01,0
1448,2022-08-26 20:00:01,0
1449,2022-08-26 20:30:01,0
1450,2022-08-27 05:00:01,1
1451,2022-08-27 05:30:01,1
1452,2022-08-27 06:00:01,0
1453,2022-08-27 06:30:01,0
1454,2022-08-27 07:00:01,0
1455,2022-08-27 07:30:01,0
1456,2022-08-27 08:00:01,0
1457,2022-08-27 08:30:01,0
1458,2022-08-27 09:00:01,0
1459,2022-08-27 09:30:01,0
1460,2022-08-27 10:00:01,0
1461,2022-08-27 10:30:01,0
1462,2022-08-27 11:00:01,0
1463,2022-08-27 11:30:01,0
1464,2022-08-27 12:00:01,0
1465,2022-08-27 12:30:01,0
1466,2022-08-27 13:00:01,0
1467,2022-08-27 13:30:01,0
1468,2022-08-27 14:00:01,0
1469,2022-08-27 14:30:01,0
1470,2022-08-27 15:00:01,0
1471,2022-08-27 15:30:01,0
1472,2022-08-27 16:00:01,0
1473,2022-08-27 16:30:01,0
1474,2022-08-27 17:00:01,0
1475,2022-08-27 17:30:01,0
1476,2022-08-27 18:00:01,0
1477,2022-08-27 18:30:01,0
1478,2022-08-27 19:00:01,0
1479,2022-08-27 19:30:01,0
1480,2022-08-27 20:00:01,0
1481,2022-08-27 20:30:01,1
1482,2022-08-28 06:00:01,0
1483,2022-08-28 06:30:01,0
1484,2022-08-28 07:00:01,0
1485,2022-08-28 07:30:01,0
1486,2022-08-28 08:00:01,0
1487,2022-08-28 08:30:01,0
1488,2022-08-28 09:00:01,0
1489,2022-08-28 09:30:01,0
1490,2022-08-28 10:00:01,0
1491,2022-08-28 10:30:01,0
1492,2022-08-28 11:00:01,0
1493,2022-08-28 11:30:01,0
1494,2022-08-28 12:00:01,0
1495,2022-08-28 12:30:01,0
1496,2022-08-28 13:00:01,0
1497,2022-08-28 13:30:01,0
1498,2022-08-28 14:00:01,0
1499,2022-08-28 14:30:01,0
1500,2022-08-28 15:00:01,0
1501,2022-08-28 15:30:01,0
1502,2022-08-28 16:00:01,0
1503,2022-08-28 16:30:01,0
1504,2022-08-28 17:00:01,0
1505,2022-08-28 17:30:01,0
1506,2022-08-28 18:00:01,0
1507,2022-08-28 18:30:01,0
1508,2022-08-28 19:00:01,0
1509,2022-08-28 19:30:01,0
1510,2022-08-28 20:00:01,0
1511,2022-08-28 20:30:01,1
1512,2022-08-29 05:30:01,1
1513,2022-08-29 06:00:01,0
1514,2022-08-29 06:30:01,0
1515,2022-08-29 07:00:01,0
1516,2022-08-29 07:30:01,0
1517,2022-08-29 08:00:01,0
1518,2022-08-29 08:30:01,0
1519,2022-08-29 09:00:01,0
1520,2022-08-29 09:30:01,0
1521,2022-08-29 10:00:01,0
1522,2022-08-29 10:30:01,0
1523,2022-08-29 11:00:01,0
1524,2022-08-29 11:30:01,0
1525,2022-08-29 12:00:01,0
1526,2022-08-29 12:30:01,0
1527,2022-08-29 13:00:01,0
1528,2022-08-29 13:30:01,0
1529,2022-08-29 14:00:01,0
1530,2022-08-29 14:30:01,0
1531,2022-08-29 15:00:01,0
1532,2022-08-29 15:30:01,0
1533,2022-08-29 16:00:01,0
1534,2022-08-29 16:30:01,0
1535,2022-08-29 17:00:01,0
1536,2022-08-29 17:30:01,0
1537,2022-08-29 18:00:01,0
1538,2022-08-29 18:30:01,0
1539,2022-08-29 19:00:01,0
1540,2022-08-29 19:30:01,0
1541,2022-08-29 20:00:01,0
1542,2022-08-29 20:30:01,1
1543,2022-08-30 05:30:01,1
1544,2022-08-30 06:00:01,0
1545,2022-08-30 06:30:01,0
1546,2022-08-30 07:00:01,0
1547,2022-08-30 07:30:01,0
1548,2022-08-30 08:00:01,0
1549,2022-08-30 08:30:01,0
1550,2022-08-30 09:00:01,0
1551,2022-08-30 09:30:01,0
1552,2022-08-30 10:00:01,0
1553,2022-08-30 10:30:01,0
1554,2022-08-30 11:00:01,0
1555,2022-08-30 11:30:01,0
1556,2022-08-30 12:00:01,0
1557,2022-08-30 12:30:01,0
1558,2022-08-30 13:00:01,0
1559,2022-08-30 13:30:01,0
1560,2022-08-30 14:00:01,0
1561,2022-08-30 14:30:01,0
1562,2022-08-30 15:00:01,0
1563,2022-08-30 15:30:01,0
1564,2022-08-30 16:00:01,0
1565,2022-08-30 16:30:01,0
1566,2022-08-30 17:00:01,0
1567,2022-08-30 17:30:01,0
1568,2022-08-30 18:00:01,0
1569,2022-08-30 18:30:01,0
1570,2022-08-30 19:00:01,0
1571,2022-08-30 19:30:01,0
1572,2022-08-30 20:00:01,0
1573,2022-08-31 06:00:01,0
1574,2022-08-31 06:30:01,0
1575,2022-08-31 07:00:01,0
1576,2022-08-31 07:30:01,0
1577,2022-08-31 08:00:01,0
1578,2022-08-31 08:30:01,0
1579,2022-08-31 09:00:01,0
1580,2022-08-31 09:30:01,0
1581,2022-08-31 10:00:01,0
1582,2022-08-31 10:30:01,0
1583,2022-08-31 11:00:01,0
1584,2022-08-31 11:30:01,0
1585,2022-08-31 12:00:01,0
1586,2022-08-31 12:30:01,0
1587,2022-08-31 13:00:01,0
1588,2022-08-31 13:30:01,0
1589,2022-08-31 14:00:01,0
1590,2022-08-31 14:30:01,0
1591,2022-08-31 15:00:01,0
1592,2022-08-31 15:30:01,0
1593,2022-08-31 16:00:01,0
1594,2022-08-31 16:30:01,0
1595,2022-08-31 17:00:01,0
1596,2022-08-31 17:30:01,0
1597,2022-08-31 18:00:01,0
1598,2022-08-31 18:30:01,0
1599,2022-08-31 19:00:01,0
1600,2022-08-31 19:30:01,0
1601,2022-08-31 20:00:01,0
1602,2022-09-01 06:00:01,1
1603,2022-09-01 06:30:01,0
1604,2022-09-01 07:00:01,1
1605,2022-09-01 07:30:01,0
1606,2022-09-01 08:00:01,0
1607,2022-09-01 08:30:01,1
1608,2022-09-01 09:00:01,0
1609,2022-09-01 09:30:01,0
1610,2022-09-01 10:00:01,0
1611,2022-09-01 10:30:01,0
1612,2022-09-01 11:00:01,0
1613,2022-09-01 11:30:01,0
1614,2022-09-01 12:00:01,0
1615,2022-09-01 12:30:01,0
1616,2022-09-01 13:00:01,0
1617,2022-09-01 13:30:01,0
1618,2022-09-01 14:00:01,0
1619,2022-09-01 14:30:01,0
1620,2022-09-01 15:00:01,0
1621,2022-09-01 15:30:01,0
1622,2022-09-01 16:00:01,1
1623,2022-09-01 16:30:01,1
1624,2022-09-01 17:00:01,1
1625,2022-09-01 17:30:01,1
1626,2022-09-01 18:00:01,1
1627,2022-09-01 18:30:01,1
1628,2022-09-01 19:00:01,1
1629,2022-09-01 19:30:01,0
1630,2022-09-01 20:00:01,0
1631,2022-09-02 06:00:01,1
1632,2022-09-02 06:30:01,1
1633,2022-09-02 07:00:01,1
1634,2022-09-02 07:30:01,1
1635,2022-09-02 08:00:01,1
1636,2022-09-02 08:30:01,1
1637,2022-09-02 09:00:01,0
1638,2022-09-02 09:30:01,1
1639,2022-09-02 10:00:01,1
1640,2022-09-02 10:30:01,1
1641,2022-09-02 11:00:01,0
1642,2022-09-02 11:30:01,0
1643,2022-09-02 12:00:01,0
1644,2022-09-02 12:30:01,0
1645,2022-09-02 13:00:01,0
1646,2022-09-02 13:30:01,0
1647,2022-09-02 14:00:01,0
1648,2022-09-02 14:30:01,0
1649,2022-09-02 15:00:01,0
1650,2022-09-02 15:30:01,0
1651,2022-09-02 16:00:01,0
1652,2022-09-02 16:30:01,0
1653,2022-09-02 17:00:01,0
1654,2022-09-02 17:30:01,0
1655,2022-09-02 18:00:01,0
1656,2022-09-02 18:30:01,0
1657,2022-09-02 19:00:01,0
1658,2022-09-02 19:30:01,0
1659,2022-09-02 20:00:01,0
1660,2022-09-03 06:00:01,0
1661,2022-09-03 06:30:01,0
1662,2022-09-03 07:00:01,0
1663,2022-09-03 07:30:01,0
1664,2022-09-03 08:00:01,0
1665,2022-09-03 08:30:01,0
1666,2022-09-03 09:00:01,0
1667,2022-09-03 09:30:01,0
1668,2022-09-03 10:00:01,0
1669,2022-09-03 10:30:01,0
1670,2022-09-03 11:00:01,0
1671,2022-09-03 11:30:01,0
1672,2022-09-03 12:00:01,0
1673,2022-09-03 12:30:01,0
1674,2022-09-03 13:00:01,0
1675,2022-09-03 13:30:01,0
1676,2022-09-03 14:00:01,0
1677,2022-09-03 14:30:01,0
1678,2022-09-03 15:00:01,0
1679,2022-09-03 15:30:01,0
1680,2022-09-03 16:00:01,0
1681,2022-09-03 16:30:01,0
1682,2022-09-03 17:00:01,0
1683,2022-09-03 17:30:01,0
1684,2022-09-03 18:00:01,0
1685,2022-09-03 18:30:01,0
1686,2022-09-03 19:00:01,0
1687,2022-09-03 19:30:01,0
1688,2022-09-03 20:00:01,0
1689,2022-09-04 06:00:01,0
1690,2022-09-04 06:30:01,0
1691,2022-09-04 07:00:01,0
1692,2022-09-04 07:30:01,0
1693,2022-09-04 08:00:01,0
1694,2022-09-04 08:30:01,0
1695,2022-09-04 09:00:01,0
1696,2022-09-04 09:30:01,0
1697,2022-09-04 10:00:01,0
1698,2022-09-04 10:30:01,0
1699,2022-09-04 11:00:01,0
1700,2022-09-04 11:30:01,0
1701,2022-09-04 12:00:01,0
1702,2022-09-04 12:30:01,0
1703,2022-09-04 13:00:01,0
1704,2022-09-04 13:30:01,0
1705,2022-09-04 14:00:01,0
1706,2022-09-04 14:30:01,0
1707,2022-09-04 15:00:01,0
1708,2022-09-04 15:30:01,0
1709,2022-09-04 16:00:01,0
1710,2022-09-04 16:30:01,0
1711,2022-09-04 17:00:01,0
1712,2022-09-04 17:30:01,0
1713,2022-09-04 18:00:01,0
1714,2022-09-04 18:30:01,0
1715,2022-09-04 19:00:01,0
1716,2022-09-04 19:30:01,0
1717,2022-09-04 20:00:01,0
1718,2022-09-05 06:00:01,0
1719,2022-09-05 06:30:01,0
1720,2022-09-05 07:00:01,0
1721,2022-09-05 07:30:01,0
1722,2022-09-05 08:00:01,0
1723,2022-09-05 08:30:01,0
1724,2022-09-05 09:00:01,0
1725,2022-09-05 09:30:01,0
1726,2022-09-05 10:00:01,0
1727,2022-09-05 10:30:01,0
1728,2022-09-05 11:00:01,0
1729,2022-09-05 11:30:01,0
1730,2022-09-05 12:00:01,0
1731,2022-09-05 12:30:01,0
1732,2022-09-05 13:00:01,0
1733,2022-09-05 13:30:01,0
1734,2022-09-05 14:00:01,0
1735,2022-09-05 14:30:01,0
1736,2022-09-05 15:00:01,0
1737,2022-09-05 15:30:01,0
1738,2022-09-05 16:00:01,0
1739,2022-09-05 16:30:01,0
1740,2022-09-05 17:00:01,0
1741,2022-09-05 17:30:01,0
1742,2022-09-05 18:00:01,0
1743,2022-09-05 18:30:01,0
1744,2022-09-05 19:00:01,0
1745,2022-09-05 19:30:01,0
1746,2022-09-05 20:00:01,0
1747,2022-09-06 06:00:01,0
1748,2022-09-06 06:30:01,0
1749,2022-09-06 07:00:01,0
1750,2022-09-06 07:30:01,0
1751,2022-09-06 08:00:01,0
1752,2022-09-06 08:30:01,0
1753,2022-09-06 09:00:01,0
1754,2022-09-06 09:30:01,0
1755,2022-09-06 10:00:01,0
1756,2022-09-06 10:30:01,0
1757,2022-09-06 11:00:01,0
1758,2022-09-06 11:30:01,0
1759,2022-09-06 12:00:01,0
1760,2022-09-06 12:30:01,0
1761,2022-09-06 13:00:01,0
1762,2022-09-06 13:30:01,0
1763,2022-09-06 14:00:01,0
1764,2022-09-06 14:30:01,0
1765,2022-09-06 15:00:01,0
1766,2022-09-06 15:30:01,0
1767,2022-09-06 16:00:01,0
1768,2022-09-06 16:30:01,0
1769,2022-09-06 17:00:01,0
1770,2022-09-06 17:30:01,0
1771,2022-09-06 18:00:01,0
1772,2022-09-06 18:30:01,0
1773,2022-09-06 19:00:01,0
1774,2022-09-06 19:30:01,0
1775,2022-09-06 20:00:01,0
1776,2022-09-07 06:00:01,0
1777,2022-09-07 06:30:01,0
1778,2022-09-07 07:00:01,0
1779,2022-09-07 07:30:01,0
1780,2022-09-07 08:00:01,0
1781,2022-09-07 08:30:01,0
1782,2022-09-07 09:00:01,0
1783,2022-09-07 09:30:01,0
1784,2022-09-07 10:00:01,0
1785,2022-09-07 10:30:01,0
1786,2022-09-07 11:00:01,0
1787,2022-09-07 11:30:01,0
1788,2022-09-07 12:00:01,0
1789,2022-09-07 12:30:01,0
1790,2022-09-07 13:00:01,0
1791,2022-09-07 13:30:01,0
1792,2022-09-07 14:00:01,0
1793,2022-09-07 14:30:01,0
1794,2022-09-07 15:00:01,0
1795,2022-09-07 15:30:01,0
1796,2022-09-07 16:00:01,0
1797,2022-09-07 16:30:01,0
1798,2022-09-07 17:00:01,0
1799,2022-09-07 17:30:01,0
1800,2022-09-07 18:00:01,0
1801,2022-09-07 18:30:01,0
1802,2022-09-07 19:00:01,0
1803,2022-09-07 19:30:01,0
1804,2022-09-07 20:00:01,0
1805,2022-09-08 06:00:01,1
1806,2022-09-08 06:30:01,1
1807,2022-09-08 07:00:01,0
1808,2022-09-08 07:30:01,0
1809,2022-09-08 08:00:01,0
1810,2022-09-08 08:30:01,0
1811,2022-09-08 09:00:01,0
1812,2022-09-08 09:30:01,0
1813,2022-09-08 10:00:01,0
1814,2022-09-08 10:30:01,0
1815,2022-09-08 11:00:01,0
1816,2022-09-08 11:30:01,0
1817,2022-09-08 12:00:01,0
1818,2022-09-08 12:30:01,0
1819,2022-09-08 13:00:01,0
1820,2022-09-08 13:30:01,0
1821,2022-09-08 14:00:01,0
1822,2022-09-08 14:30:01,0
1823,2022-09-08 15:00:01,0
1824,2022-09-08 15:30:01,0
1825,2022-09-08 16:00:01,0
1826,2022-09-08 16:30:01,0
1827,2022-09-08 17:00:01,0
1828,2022-09-08 17:30:01,0
1829,2022-09-08 18:00:01,0
1830,2022-09-08 18:30:01,0
1831,2022-09-08 19:00:01,0
1832,2022-09-08 19:30:01,0
1833,2022-09-08 20:00:01,0
1834,2022-09-09 06:00:01,0
1835,2022-09-09 06:30:01,0
1836,2022-09-09 07:00:01,0
1837,2022-09-09 07:30:01,0
1838,2022-09-09 08:00:01,0
1839,2022-09-09 08:30:01,0
1840,2022-09-09 09:00:01,0
1841,2022-09-09 09:30:01,0
1842,2022-09-09 10:00:01,0
1843,2022-09-09 10:30:01,0
1844,2022-09-09 11:00:01,0
1845,2022-09-09 11:30:01,0
1846,2022-09-09 12:00:01,0
1847,2022-09-09 12:30:01,0
1848,2022-09-09 13:00:01,0
1849,2022-09-09 13:30:01,0
1850,2022-09-09 14:00:01,0
1851,2022-09-09 14:30:01,0
1852,2022-09-09 15:00:01,0
1853,2022-09-09 15:30:01,0
1854,2022-09-09 16:00:01,0
1855,2022-09-09 16:30:01,0
1856,2022-09-09 17:00:01,0
1857,2022-09-09 17:30:01,0
1858,2022-09-09 18:00:01,0
1859,2022-09-09 18:30:01,0
1860,2022-09-09 19:00:01,0
1861,2022-09-09 19:30:01,0
1862,2022-09-09 20:00:01,0
1863,2022-09-10 06:30:01,0
1864,2022-09-10 07:00:01,0
1865,2022-09-10 07:30:01,0
1866,2022-09-10 08:00:01,0
1867,2022-09-10 08:30:01,0
1868,2022-09-10 09:00:01,0
1869,2022-09-10 09:30:01,0
1870,2022-09-10 10:00:01,0
1871,2022-09-10 10:30:01,0
1872,2022-09-10 11:00:01,0
1873,2022-09-10 11:30:01,0
1874,2022-09-10 12:00:01,0
1875,2022-09-10 12:30:01,0
1876,2022-09-10 13:00:01,0
1877,2022-09-10 13:30:01,0
1878,2022-09-10 14:00:01,0
1879,2022-09-10 14:30:01,0
1880,2022-09-10 15:00:01,0
1881,2022-09-10 15:30:01,0
1882,2022-09-10 16:00:01,0
1883,2022-09-10 16:30:01,0
1884,2022-09-10 17:00:01,0
1885,2022-09-10 17:30:01,0
1886,2022-09-10 18:00:01,0
1887,2022-09-10 18:30:01,0
1888,2022-09-10 19:00:01,0
1889,2022-09-10 19:30:01,0
1890,2022-09-10 20:00:01,1
1891,2022-09-11 06:30:01,1
1892,2022-09-11 07:00:01,0
1893,2022-09-11 07:30:01,0
1894,2022-09-11 08:00:01,0
1895,2022-09-11 08:30:01,0
1896,2022-09-11 09:00:01,0
1897,2022-09-11 09:30:01,0
1898,2022-09-11 10:00:01,0
1899,2022-09-11 10:30:01,0
1900,2022-09-11 11:00:01,0
1901,2022-09-11 11:30:01,0
1902,2022-09-11 12:00:01,1
1903,2022-09-11 12:30:01,1
1904,2022-09-11 13:00:01,1
1905,2022-09-11 13:30:01,0
1906,2022-09-11 14:00:01,1
1907,2022-09-11 14:30:01,1
1908,2022-09-11 15:00:01,1
1909,2022-09-11 15:30:01,0
1910,2022-09-11 16:00:01,0
1911,2022-09-11 16:30:01,1
1912,2022-09-11 17:00:01,1
1913,2022-09-11 17:30:01,0
1914,2022-09-11 18:00:01,0
1915,2022-09-11 18:30:01,0
1916,2022-09-11 19:00:01,0
1917,2022-09-11 19:30:01,0
1918,2022-09-11 20:00:01,1
1919,2022-09-12 06:30:01,0
1920,2022-09-12 07:00:01,0
1921,2022-09-12 07:30:01,0
1922,2022-09-12 08:00:01,0
1923,2022-09-12 08:30:01,0
1924,2022-09-12 09:00:01,0
1925,2022-09-12 09:30:01,0
1926,2022-09-12 10:00:01,0
1927,2022-09-12 10:30:01,0
1928,2022-09-12 11:00:01,0
1929,2022-09-12 11:30:01,0
1930,2022-09-12 12:00:01,0
1931,2022-09-12 12:30:01,0
1932,2022-09-12 13:00:01,0
1933,2022-09-12 13:30:01,0
1934,2022-09-12 14:00:01,0
1935,2022-09-12 14:30:01,0
1936,2022-09-12 15:00:01,0
1937,2022-09-12 15:30:01,0
1938,2022-09-12 16:00:01,0
1939,2022-09-12 16:30:01,0
1940,2022-09-12 17:00:01,0
1941,2022-09-12 17:30:01,0
1942,2022-09-12 18:00:01,0
1943,2022-09-12 18:30:01,0
1944,2022-09-12 19:00:01,0
1945,2022-09-12 19:30:01,0
1946,2022-09-12 20:00:01,1
1947,2022-09-13 06:30:01,0
1948,2022-09-13 07:00:01,0
1949,2022-09-13 07:30:01,0
1950,2022-09-13 08:00:01,0
1951,2022-09-13 08:30:01,1
1952,2022-09-13 09:00:01,0
1953,2022-09-13 09:30:01,0
1954,2022-09-13 10:00:01,0
1955,2022-09-13 10:30:01,0
1956,2022-09-13 11:00:01,0
1957,2022-09-13 11:30:01,0
1958,2022-09-13 12:00:01,0
1959,2022-09-13 12:30:01,0
1960,2022-09-13 13:00:01,0
1961,2022-09-13 13:30:01,0
1962,2022-09-13 14:00:01,0
1963,2022-09-13 14:30:01,0
1964,2022-09-13 15:00:01,0
1965,2022-09-13 15:30:01,0
1966,2022-09-13 16:00:01,0
1967,2022-09-13 16:30:01,0
1968,2022-09-13 17:00:01,0
1969,2022-09-13 17:30:01,0
1970,2022-09-13 18:00:01,1
1971,2022-09-13 18:30:01,0
1972,2022-09-13 19:00:01,1
1973,2022-09-13 19:30:01,0
1974,2022-09-14 06:30:01,0
1975,2022-09-14 07:00:01,0
1976,2022-09-14 07:30:01,0
1977,2022-09-14 08:00:01,0
1978,2022-09-14 08:30:01,0
1979,2022-09-14 09:00:01,0
1980,2022-09-14 09:30:01,1
1981,2022-09-14 10:00:01,0
1982,2022-09-14 10:30:01,0
1983,2022-09-14 11:00:01,0
1984,2022-09-14 11:30:01,0
1985,2022-09-14 12:00:01,0
1986,2022-09-14 12:30:01,0
1987,2022-09-14 13:00:01,0
1988,2022-09-14 13:30:01,0
1989,2022-09-14 14:00:01,0
1990,2022-09-14 14:30:01,0
1991,2022-09-14 15:00:01,0
1992,2022-09-14 15:30:01,0
1993,2022-09-14 16:00:01,0
1994,2022-09-14 16:30:01,0
1995,2022-09-14 17:00:01,0
1996,2022-09-14 17:30:01,0
1997,2022-09-14 18:00:01,0
1998,2022-09-14 18:30:01,0
1999,2022-09-14 19:00:01,0
2000,2022-09-14 19:30:01,0
2001,2022-09-15 06:30:01,0
2002,2022-09-15 07:00:01,0
2003,2022-09-15 07:30:01,0
2004,2022-09-15 08:00:01,0
2005,2022-09-15 08:30:01,0
2006,2022-09-15 09:00:01,0
2007,2022-09-15 09:30:01,0
2008,2022-09-15 10:00:01,0
2009,2022-09-15 10:30:01,0
2010,2022-09-15 11:00:01,0
2011,2022-09-15 11:30:01,0
2012,2022-09-15 12:00:01,0
2013,2022-09-15 12:30:01,0
2014,2022-09-15 13:00:01,0
2015,2022-09-15 13:30:01,0
2016,2022-09-15 14:00:01,0
2017,2022-09-15 14:30:01,0
2018,2022-09-15 15:00:01,0
2019,2022-09-15 15:30:01,0
2020,2022-09-15 16:00:01,0
2021,2022-09-15 16:30:01,0
2022,2022-09-15 17:00:01,0
2023,2022-09-15 17:30:01,0
2024,2022-09-15 18:00:01,0
2025,2022-09-15 18:30:01,0
2026,2022-09-15 19:00:01,0
2027,2022-09-15 19:30:01,0
2028,2022-09-16 06:30:01,0
2029,2022-09-16 07:00:01,0
2030,2022-09-16 07:30:01,0
2031,2022-09-16 08:00:01,0
2032,2022-09-16 08:30:01,0
2033,2022-09-16 09:00:01,0
2034,2022-09-16 09:30:01,0
2035,2022-09-16 10:00:01,0
2036,2022-09-16 10:30:01,0
2037,2022-09-16 11:00:01,0
2038,2022-09-16 11:30:01,0
2039,2022-09-16 12:00:01,0
2040,2022-09-16 12:30:01,0
2041,2022-09-16 13:00:01,0
2042,2022-09-16 13:30:01,0
2043,2022-09-16 14:00:01,0
2044,2022-09-16 14:30:01,0
2045,2022-09-16 15:00:01,0
2046,2022-09-16 15:30:01,0
2047,2022-09-16 16:00:01,0
2048,2022-09-16 16:30:01,0
2049,2022-09-16 17:00:01,0
2050,2022-09-16 17:30:01,0
2051,2022-09-16 18:00:01,0
2052,2022-09-16 18:30:01,0
2053,2022-09-16 19:00:01,0
2054,2022-09-16 19:30:01,0
2055,2022-09-17 06:30:01,0
2056,2022-09-17 07:00:01,0
2057,2022-09-17 07:30:01,0
2058,2022-09-17 08:00:01,0
2059,2022-09-17 08:30:01,0
2060,2022-09-17 09:00:01,0
2061,2022-09-17 09:30:01,0
2062,2022-09-17 10:00:01,0
2063,2022-09-17 10:30:01,0
2064,2022-09-17 11:00:01,0
2065,2022-09-17 11:30:01,0
2066,2022-09-17 12:00:01,0
2067,2022-09-17 12:30:01,0
2068,2022-09-17 13:00:01,0
2069,2022-09-17 13:30:01,0
2070,2022-09-17 14:00:01,0
2071,2022-09-17 14:30:01,0
2072,2022-09-17 15:00:01,0
2073,2022-09-17 15:30:01,0
2074,2022-09-17 16:00:01,0
2075,2022-09-17 16:30:01,0
2076,2022-09-17 17:00:01,0
2077,2022-09-17 17:30:01,0
2078,2022-09-17 18:00:01,0
2079,2022-09-17 18:30:01,0
2080,2022-09-17 19:00:01,0
2081,2022-09-17 19:30:01,0
2082,2022-09-18 06:30:01,0
2083,2022-09-18 07:00:01,0
2084,2022-09-18 07:30:01,0
2085,2022-09-18 08:00:01,0
2086,2022-09-18 08:30:01,0
2087,2022-09-18 09:00:01,0
2088,2022-09-18 09:30:01,0
2089,2022-09-18 10:00:01,0
2090,2022-09-18 10:30:01,0
2091,2022-09-18 11:00:01,0
2092,2022-09-18 11:30:01,0
2093,2022-09-18 12:00:01,0
2094,2022-09-18 12:30:01,0
2095,2022-09-18 13:00:01,0
2096,2022-09-18 13:30:01,0
2097,2022-09-18 14:00:01,0
2098,2022-09-18 14:30:01,0
2099,2022-09-18 15:00:01,0
2100,2022-09-18 15:30:01,0
2101,2022-09-18 16:00:01,0
2102,2022-09-18 16:30:01,0
2103,2022-09-18 17:00:01,0
2104,2022-09-18 17:30:01,0
2105,2022-09-18 18:00:01,0
2106,2022-09-18 18:30:01,0
2107,2022-09-18 19:00:01,0
2108,2022-09-18 19:30:01,0
2109,2022-09-19 06:00:01,1
2110,2022-09-19 06:30:01,0
2111,2022-09-19 07:00:01,0
2112,2022-09-19 07:30:01,0
2113,2022-09-19 08:00:01,0
2114,2022-09-19 08:30:01,0
2115,2022-09-19 09:00:01,0
2116,2022-09-19 09:30:01,0
2117,2022-09-19 10:00:01,0
2118,2022-09-19 10:30:01,0
2119,2022-09-19 11:00:01,0
2120,2022-09-19 11:30:01,0
2121,2022-09-19 12:00:01,0
2122,2022-09-19 12:30:01,0
2123,2022-09-19 13:00:01,0
2124,2022-09-19 13:30:01,0
2125,2022-09-19 14:00:01,0
2126,2022-09-19 14:30:01,0
2127,2022-09-19 15:00:01,0
2128,2022-09-19 15:30:01,0
2129,2022-09-19 16:00:01,0
2130,2022-09-19 16:30:01,0
2131,2022-09-19 17:00:01,0
2132,2022-09-19 17:30:01,0
2133,2022-09-19 18:00:01,0
2134,2022-09-19 18:30:01,0
2135,2022-09-19 19:00:01,0
2136,2022-09-19 19:30:01,0
2137,2022-09-20 06:00:01,1
2138,2022-09-20 06:30:01,0
2139,2022-09-20 07:00:01,0
2140,2022-09-20 07:30:01,0
2141,2022-09-20 08:00:01,0
2142,2022-09-20 08:30:01,0
2143,2022-09-20 09:00:01,0
2144,2022-09-20 09:30:01,0
2145,2022-09-20 10:00:01,0
2146,2022-09-20 10:30:01,0
2147,2022-09-20 11:00:01,0
2148,2022-09-20 11:30:01,0
2149,2022-09-20 12:00:01,0
2150,2022-09-20 12:30:01,0
2151,2022-09-20 13:00:01,0
2152,2022-09-20 13:30:01,0
2153,2022-09-20 14:00:01,0
2154,2022-09-20 14:30:01,0
2155,2022-09-20 15:00:01,0
2156,2022-09-20 15:30:01,0
2157,2022-09-20 16:00:01,0
2158,2022-09-20 16:30:01,0
2159,2022-09-20 17:00:01,0
2160,2022-09-20 17:30:01,0
2161,2022-09-20 18:00:01,0
2162,2022-09-20 18:30:01,0
2163,2022-09-20 19:00:01,0
2164,2022-09-20 19:30:01,0
2165,2022-09-21 06:30:01,0
2166,2022-09-21 07:00:01,0
2167,2022-09-21 07:30:01,0
2168,2022-09-21 08:00:01,0
2169,2022-09-21 08:30:01,0
2170,2022-09-21 09:00:01,0
2171,2022-09-21 09:30:01,0
2172,2022-09-21 10:00:01,0
2173,2022-09-21 10:30:01,0
2174,2022-09-21 11:00:01,0
2175,2022-09-21 11:30:01,0
2176,2022-09-21 12:00:01,0
2177,2022-09-21 12:30:01,0
2178,2022-09-21 13:00:01,0
2179,2022-09-21 13:30:01,0
2180,2022-09-21 14:00:01,0
2181,2022-09-21 14:30:01,0
2182,2022-09-21 15:00:01,0
2183,2022-09-21 15:30:01,0
2184,2022-09-21 16:00:01,0
2185,2022-09-21 16:30:01,0
2186,2022-09-21 17:00:01,0
2187,2022-09-21 17:30:01,0
2188,2022-09-21 18:00:01,0
2189,2022-09-21 18:30:01,0
2190,2022-09-21 19:00:01,0
2191,2022-09-21 19:30:01,0
2192,2022-09-22 06:30:01,0
2193,2022-09-22 07:00:01,0
2194,2022-09-22 07:30:01,0
2195,2022-09-22 08:00:01,0
2196,2022-09-22 08:30:01,0
2197,2022-09-22 09:00:01,0
2198,2022-09-22 09:30:01,0
2199,2022-09-22 10:00:01,0
2200,2022-09-22 10:30:01,0
2201,2022-09-22 11:00:01,0
2202,2022-09-22 11:30:01,0
2203,2022-09-22 12:00:01,0
2204,2022-09-22 12:30:01,0
2205,2022-09-22 13:00:01,0
2206,2022-09-22 13:30:01,0
2207,2022-09-22 14:00:01,0
2208,2022-09-22 14:30:01,0
2209,2022-09-22 15:00:01,0
2210,2022-09-22 15:30:01,0
2211,2022-09-22 16:00:01,0
2212,2022-09-22 16:30:01,0
2213,2022-09-22 17:00:01,0
2214,2022-09-22 17:30:01,0
2215,2022-09-22 18:00:01,0
2216,2022-09-22 18:30:01,0
2217,2022-09-22 19:00:01,0
2218,2022-09-22 19:30:01,0
2219,2022-09-23 06:30:01,1
2220,2022-09-23 07:00:01,0
2221,2022-09-23 07:30:01,0
2222,2022-09-23 08:00:01,0
2223,2022-09-23 08:30:01,0
2224,2022-09-23 09:00:01,0
2225,2022-09-23 09:30:01,0
2226,2022-09-23 10:00:01,0
2227,2022-09-23 10:30:01,0
2228,2022-09-23 11:00:01,0
2229,2022-09-23 11:30:01,0
2230,2022-09-23 12:00:01,0
2231,2022-09-23 12:30:01,0
2232,2022-09-23 13:00:01,0
2233,2022-09-23 13:30:01,0
2234,2022-09-23 14:00:01,0
2235,2022-09-23 14:30:01,0
2236,2022-09-23 15:00:01,0
2237,2022-09-23 15:30:01,0
2238,2022-09-23 16:00:01,0
2239,2022-09-23 16:30:01,0
2240,2022-09-23 17:00:01,0
2241,2022-09-23 17:30:01,0
2242,2022-09-23 18:00:01,0
2243,2022-09-23 18:30:01,0
2244,2022-09-23 19:00:01,0
2245,2022-09-23 19:30:01,1
2246,2022-09-24 06:30:01,1
2247,2022-09-24 07:00:01,0
2248,2022-09-24 07:30:01,0
2249,2022-09-24 08:00:01,0
2250,2022-09-24 08:30:01,0
2251,2022-09-24 09:00:01,0
2252,2022-09-24 09:30:01,0
2253,2022-09-24 10:00:01,0
2254,2022-09-24 10:30:01,0
2255,2022-09-24 11:00:01,0
2256,2022-09-24 11:30:01,0
2257,2022-09-24 12:00:01,0
2258,2022-09-24 12:30:01,0
2259,2022-09-24 13:00:01,0
2260,2022-09-24 13:30:01,0
2261,2022-09-24 14:00:01,0
2262,2022-09-24 14:30:01,0
2263,2022-09-24 15:00:01,0
2264,2022-09-24 15:30:01,0
2265,2022-09-24 16:00:01,0
2266,2022-09-24 16:30:01,0
2267,2022-09-24 17:00:01,0
2268,2022-09-24 17:30:01,0
2269,2022-09-24 18:00:01,0
2270,2022-09-24 18:30:01,0
2271,2022-09-24 19:00:01,0
2272,2022-09-24 19:30:01,1
2273,2022-09-25 06:30:01,0
2274,2022-09-25 07:00:01,0
2275,2022-09-25 07:30:01,0
2276,2022-09-25 08:00:01,0
2277,2022-09-25 08:30:01,0
2278,2022-09-25 09:00:01,0
2279,2022-09-25 09:30:01,0
2280,2022-09-25 10:00:01,0
2281,2022-09-25 10:30:01,0
2282,2022-09-25 11:00:01,0
2283,2022-09-25 11:30:01,0
2284,2022-09-25 12:00:01,0
2285,2022-09-25 12:30:01,0
2286,2022-09-25 13:00:01,0
2287,2022-09-25 13:30:01,0
2288,2022-09-25 14:00:01,0
2289,2022-09-25 14:30:01,0
2290,2022-09-25 15:00:01,0
2291,2022-09-25 15:30:01,0
2292,2022-09-25 16:00:01,0
2293,2022-09-25 16:30:01,0
2294,2022-09-25 17:00:01,0
2295,2022-09-25 17:30:01,0
2296,2022-09-25 18:00:01,0
2297,2022-09-25 18:30:01,0
2298,2022-09-25 19:00:01,0
2299,2022-09-25 19:30:01,1
2300,2022-09-26 06:30:01,0
2301,2022-09-26 07:00:01,0
2302,2022-09-26 07:30:01,0
2303,2022-09-26 08:00:01,0
2304,2022-09-26 08:30:01,0
2305,2022-09-26 09:00:01,0
2306,2022-09-26 09:30:01,0
2307,2022-09-26 10:00:01,0
2308,2022-09-26 10:30:01,0
2309,2022-09-26 11:00:01,0
2310,2022-09-26 11:30:01,0
2311,2022-09-26 12:00:01,0
2312,2022-09-26 12:30:01,0
2313,2022-09-26 13:00:01,0
2314,2022-09-26 13:30:01,0
2315,2022-09-26 14:00:01,0
2316,2022-09-26 14:30:01,0
2317,2022-09-26 15:00:01,0
2318,2022-09-26 15:30:01,0
2319,2022-09-26 16:00:01,0
2320,2022-09-26 16:30:01,0
2321,2022-09-26 17:00:01,0
2322,2022-09-26 17:30:01,0
2323,2022-09-26 18:00:01,0
2324,2022-09-26 18:30:01,0
2325,2022-09-26 19:00:01,0
2326,2022-09-26 19:30:01,1
2327,2022-09-27 06:30:01,1
2328,2022-09-27 07:00:01,1
2329,2022-09-27 07:30:01,1
2330,2022-09-27 08:00:01,1
2331,2022-09-27 08:30:01,1
2332,2022-09-27 09:00:01,0
2333,2022-09-27 09:30:01,0
2334,2022-09-27 10:00:01,1
2335,2022-09-27 10:30:01,0
2336,2022-09-27 11:00:01,0
2337,2022-09-27 11:30:01,0
2338,2022-09-27 12:00:01,0
2339,2022-09-27 12:30:01,0
2340,2022-09-27 13:00:01,0
2341,2022-09-27 13:30:01,0
2342,2022-09-27 14:00:01,0
2343,2022-09-27 14:30:01,0
2344,2022-09-27 15:00:01,0
2345,2022-09-27 15:30:01,0
2346,2022-09-27 16:00:01,0
2347,2022-09-27 16:30:01,0
2348,2022-09-27 17:00:01,0
2349,2022-09-27 17:30:01,0
2350,2022-09-27 18:00:01,1
2351,2022-09-27 18:30:01,0
2352,2022-09-27 19:00:01,0
2353,2022-09-28 07:00:01,0
2354,2022-09-28 07:30:01,0
2355,2022-09-28 08:00:01,0
2356,2022-09-28 08:30:01,0
2357,2022-09-28 09:00:01,0
2358,2022-09-28 09:30:01,0
2359,2022-09-28 10:00:01,0
2360,2022-09-28 10:30:01,0
2361,2022-09-28 11:00:01,0
2362,2022-09-28 11:30:01,0
2363,2022-09-28 12:00:01,0
2364,2022-09-28 12:30:01,0
2365,2022-09-28 13:00:01,0
2366,2022-09-28 13:30:01,0
2367,2022-09-28 14:00:01,0
2368,2022-09-28 14:30:01,0
2369,2022-09-28 15:00:01,0
2370,2022-09-28 15:30:01,0
2371,2022-09-28 16:00:01,0
2372,2022-09-28 16:30:01,0
2373,2022-09-28 17:00:01,0
2374,2022-09-28 17:30:01,0
2375,2022-09-28 18:00:01,0
2376,2022-09-28 18:30:01,0
2377,2022-09-28 19:00:01,0
2378,2022-09-29 06:30:01,1
2379,2022-09-29 07:00:01,1
2380,2022-09-29 07:30:01,1
2381,2022-09-29 08:00:01,0
2382,2022-09-29 08:30:01,0
2383,2022-09-29 09:00:01,0
2384,2022-09-29 09:30:01,0
2385,2022-09-29 10:00:01,0
2386,2022-09-29 10:30:01,0
2387,2022-09-29 11:00:01,0
2388,2022-09-29 11:30:01,0
2389,2022-09-29 12:00:01,0
2390,2022-09-29 12:30:01,0
2391,2022-09-29 13:00:01,0
2392,2022-09-29 13:30:01,0
2393,2022-09-29 14:00:01,0
2394,2022-09-29 14:30:01,0
2395,2022-09-29 15:00:01,0
2396,2022-09-29 15:30:01,0
2397,2022-09-29 16:00:01,0
2398,2022-09-29 16:30:01,0
2399,2022-09-29 17:00:01,0
2400,2022-09-29 17:30:01,1
2401,2022-09-29 18:00:01,1
2402,2022-09-29 18:30:01,1
2403,2022-09-29 19:00:01,0
2404,2022-09-30 07:00:01,1
2405,2022-09-30 07:30:01,1
2406,2022-09-30 08:00:01,1
2407,2022-09-30 08:30:01,1
2408,2022-09-30 09:00:01,1
2409,2022-09-30 09:30:01,1
2410,2022-09-30 10:00:01,1
2411,2022-09-30 10:30:01,1
2412,2022-09-30 11:00:01,1
2413,2022-09-30 11:30:01,1
2414,2022-09-30 12:00:01,1
2415,2022-09-30 12:30:01,1
2416,2022-09-30 13:00:01,0
2417,2022-09-30 13:30:01,0
2418,2022-09-30 14:00:01,0
2419,2022-09-30 14:30:01,0
2420,2022-09-30 15:00:01,0
2421,2022-09-30 15:30:01,0
2422,2022-09-30 16:00:01,0
2423,2022-09-30 16:30:01,0
2424,2022-09-30 17:00:01,0
2425,2022-09-30 17:30:01,0
2426,2022-09-30 18:00:01,0
2427,2022-09-30 18:30:01,0
2428,2022-09-30 19:00:01,0
